id,name,group,category,webp_path,webp_width,webp_height,webp_bytes,webp_sha256,png_path,png_width,png_height,png_bytes,png_sha256
"spinach","Spinach","Leafy greens and brassicas","Produce","images/spinach.webp","320","320","19160","9bc352eb5ed867eed074d58258175c245683ac4198cc35d59bbf4be6832bc258","originals/spinach.png","1254","1254","1990039","afb37fd4320ba7450d25b09156d1ca30f2532e6fcb1deb5f67b2bb206c907437"
"bok-choy","Bok choy","Leafy greens and brassicas","Produce","images/bok-choy.webp","320","320","16268","aff49dcfb14aecbe0ef76ac630c0f9699b02b5ca54d9beb543bad3d2ccd8d79d","originals/bok-choy.png","1254","1254","1357437","003916ab7ab37ba4d7ac7b55247dcd419963556e924f3b849fac4f2b66c68170"
"kale","Kale","Leafy greens and brassicas","Produce","images/kale.webp","320","320","27540","000049b48dc9dc851c5500224bf75f1e8f9ae31977ee7e67e143524f935bafd6","originals/kale.png","1254","1254","2180083","95b8bd306b9834893a92a19b0d7267f60fa7841b0b785d09e82994ba7a2f9be2"
"romaine","Romaine lettuce","Leafy greens and brassicas","Produce","images/romaine.webp","320","320","22114","ded6728cd4243dff96f42bdc3e32f730790cc62c71a2e90a3b61e8ae33c90509","originals/romaine.png","1254","1254","1877973","eaa3b977be8518f325536efc0f372ba29569ad7b36e08d2a837dd6b8cd536c61"
"iceberg-lettuce","Iceberg lettuce","Leafy greens and brassicas","Produce","images/iceberg-lettuce.webp","320","320","19234","f14caaeda2eeec399307674187f571d9057e9a15735eb9129cc3f2bef640fa67","originals/iceberg-lettuce.png","1254","1254","1935535","65d4df3bddf575d60f29909cb031c35a033a5a525c5988faa17c3289562d0775"
"butter-lettuce","Butter lettuce","Leafy greens and brassicas","Produce","images/butter-lettuce.webp","320","320","18282","f28312ef28858080a1bfb8f275da54c33b3d2f98178299652d8cb5b98d62e074","originals/butter-lettuce.png","1254","1254","1911455","c65e8dd0fc717f68a6d35a1c245f16403945a72b25a74ddf60a2ada03597dfe5"
"red-leaf-lettuce","Red leaf lettuce","Leafy greens and brassicas","Produce","images/red-leaf-lettuce.webp","320","320","23556","2f3280339559e9804d0d55bd86be934e8ff881f81884f0057273efb9950a191b","originals/red-leaf-lettuce.png","1254","1254","2162357","ae93beda5d7309a0710c8df5bd009b0da628f41573547d6a65566f557e3026d0"
"arugula","Arugula","Leafy greens and brassicas","Produce","images/arugula.webp","320","320","21722","c53270e8360e595631bb507cf51de69fddce26db0975d7338430f83ad678f20c","originals/arugula.png","1254","1254","1847432","0f2d06ed9393a204a78cfaefc752f7085fbae038805346c9d49e52975a4da266"
"watercress","Watercress","Leafy greens and brassicas","Produce","images/watercress.webp","320","320","22390","a80b9408fd401c26e509e1251056ec4d7788a170ad5d21e21bf38430ee110b94","originals/watercress.png","1254","1254","1876556","b5eba228be6ea2b1ad93b788dc61f0359e5fdf0690359284069f5051ddb4d780"
"swiss-chard","Swiss chard","Leafy greens and brassicas","Produce","images/swiss-chard.webp","320","320","21896","4f49151413ad946ca6c23b82dcadc0387434df4a2a9199a9c8701d957c50ce9c","originals/swiss-chard.png","1254","1254","1894082","b3003ed6fed02d4fae369e3066283fd5acfe164ec4bba76c58de79b722e7ff6a"
"collard-greens","Collard greens","Leafy greens and brassicas","Produce","images/collard-greens.webp","320","320","22990","9448e13d3b2580b26194b20153bcc70f4a14723b554d5348337dd2f1680ce533","originals/collard-greens.png","1254","1254","2157137","77ddd818f96e140d6d3eb5b761575b80d1f9add9c9d7fee1b47944bdda5d9b19"
"mustard-greens","Mustard greens","Leafy greens and brassicas","Produce","images/mustard-greens.webp","320","320","25974","b61488192f23324dbad721c826df4b804999e8568894ad4689a67723d2549231","originals/mustard-greens.png","1254","1254","2134955","5642566e97fb6216de35e5f4cc5824381136c595743427e473228cee8b9ccc4d"
"turnip-greens","Turnip greens","Leafy greens and brassicas","Produce","images/turnip-greens.webp","320","320","23012","b39bb506f80b654d53936eb74001c2478ff2179d342f73ddbc5d8c374cf7493b","originals/turnip-greens.png","1254","1254","1871355","1c2c50e4c0e2c0710ef4e8dde21ce635c82f35a781b9f0cb38139388f1158fdc"
"beet-greens","Beet greens","Leafy greens and brassicas","Produce","images/beet-greens.webp","320","320","21798","79c62cf7502cc3b5816c6387b64672aba8ee1fead351ab9ae367a037f773c4d6","originals/beet-greens.png","1254","1254","2077921","223ab28dd552726f53a6dac92ae3a9de8cb2d5dddb942cd57db2d3870172a726"
"broccoli","Broccoli","Leafy greens and brassicas","Produce","images/broccoli.webp","320","320","24816","97ba8894b3df00bbfe0f5894e3b3c219c2800d5ef6214570fac5330835b4ca92","originals/broccoli.png","1254","1254","2115329","a641c901f189f61f378d29d4b0fe178105bfb13818cc41f3669084099130c854"
"broccolini","Broccolini","Leafy greens and brassicas","Produce","images/broccolini.webp","320","320","22528","823e686130209b62042bc6ec21f1cb9915bae2db7da8f4d5f77ea6475237dac2","originals/broccolini.png","1254","1254","1597927","b57d513ba4a17d3230650c508c02120ca3d56e0fa2d770f49bc5bc7749136820"
"cauliflower","Cauliflower","Leafy greens and brassicas","Produce","images/cauliflower.webp","320","320","19072","242f9d4e99be67276af2a4896974bc47d14eb8275a3a6eda43ea55b82193c94c","originals/cauliflower.png","1254","1254","1901399","155665abee6b179378085ce7088628543dfb695acb0a90c72c3199af8861439d"
"romanesco","Romanesco","Leafy greens and brassicas","Produce","images/romanesco.webp","320","320","23812","d43b4401531923cce9e4cfed2ea5c6b9659fb20e6731302b10b7f8d10ff0eaec","originals/romanesco.png","1254","1254","2079301","bd924d2afbcdbc8c14b6be712aca031de6db8895d8a3ff6119d771d1e9df5c1b"
"brussels-sprouts","Brussels sprouts","Leafy greens and brassicas","Produce","images/brussels-sprouts.webp","320","320","19440","2b2fd415cf2b100c9911e4ed8413eb11d69e645c2c0918458a7e8e8299168d6d","originals/brussels-sprouts.png","1254","1254","1879170","a46ac77f28127fcea161bfd51350fb57d70d72615adc2391deb57673eeec7e45"
"green-cabbage","Green cabbage","Leafy greens and brassicas","Produce","images/green-cabbage.webp","320","320","17814","3057f1bc965946cbac8c6724b959f5cbfea7ad6b83ba6f2ee6203c7ae8f72b58","originals/green-cabbage.png","1254","1254","1743983","c8e02d6e99d77b3329b518c1fdc8938b7bdda7f7d6dfb4ee5cb1778608d0d44d"
"red-cabbage","Red cabbage","Leafy greens and brassicas","Produce","images/red-cabbage.webp","320","320","21676","2035a9e3e0481e907b08f774a99822967803caa9ccc33cfba393315ad6cc8a2e","originals/red-cabbage.png","1254","1254","2038509","537d1ce659966d337b508c098a649aa9512d157111d67cc7da3327cd915031b3"
"napa-cabbage","Napa cabbage","Leafy greens and brassicas","Produce","images/napa-cabbage.webp","320","320","22516","60963d4e56133a6be9a108282d300561e20ee9225e7dd6dc550cbb00e48d4a20","originals/napa-cabbage.png","1254","1254","2091123","27d275ac8094fc5bceb3d823be4b193bfe94bd6f4e7270e1ca449d7974f8fb42"
"savoy-cabbage","Savoy cabbage","Leafy greens and brassicas","Produce","images/savoy-cabbage.webp","320","320","25764","5c08b5bdb68e4ee6c3f43c4f4a67fe8fe6e7c99dd4f4d0db650af14b4b11b1e5","originals/savoy-cabbage.png","1254","1254","2134680","a9a631b77793d715fd622efe651d1bcef9ec78826a97ae666bd6a6a5a4ce1d07"
"gai-lan","Chinese broccoli","Leafy greens and brassicas","Produce","images/gai-lan.webp","320","320","22304","4d31c54f807e93d22bbb85d2e90ee9db5987b7fea21741ef7d3751567960263e","originals/gai-lan.png","1254","1254","1795626","df69f5e74e732fc28a3a50c92a1ea07d18992bf710f09dcec7570a3165f72aec"
"yu-choy","Yu choy","Leafy greens and brassicas","Produce","images/yu-choy.webp","320","320","20012","830e40220ccc6ae9b7c90f1ba5282c77203f1e2674823451bcc40ba3442db01c","originals/yu-choy.png","1254","1254","1672324","f8a90447afa5abcd7e6502289699eec8ea49ee9b0643089d34954f0e0326ec73"
"tatsoi","Tatsoi","Leafy greens and brassicas","Produce","images/tatsoi.webp","320","320","19612","0ad740f5af249a3feaa5bfd626d0e90116157fe6b47e8faba6cba8abd85223f2","originals/tatsoi.png","1254","1254","1836717","d1a65efcace90ef9a89801ed11f5e8894ecddbe9dff53fd5905fce5ef2410229"
"carrot","Carrot","Roots and alliums","Produce","images/carrot.webp","320","320","17596","6ebd292e207ef1697fa227f8b80df6ab234bba9003f314670eb50bd6cfc1ba04","originals/carrot.png","1254","1254","1694213","a4b85dd8be7cebb91dacc0dc0764f738f0abed341bd90c0ab30a327199817e6d"
"purple-carrot","Purple carrot","Roots and alliums","Produce","images/purple-carrot.webp","320","320","18436","21ef919187b770d50860c5a210a770c105b2a5c2cb09ef9e0439b2e427fe3395","originals/purple-carrot.png","1254","1254","1697740","4377670c6d90c76dbe43455623700d0b6d37c9095e258a68378024c1db29e9bf"
"parsnip","Parsnip","Roots and alliums","Produce","images/parsnip.webp","320","320","16974","c7bd1fcc3130f33f6a615ac717c56f927207624861b529e3f5392c34810aa1b3","originals/parsnip.png","1254","1254","1610074","ae971ff59305153738b4fda946b5721e555866ba66be304b15c83f77f76bc80d"
"beetroot","Red beet","Roots and alliums","Produce","images/beetroot.webp","320","320","20056","d016c6a8e71ce3ed7af103417d14235b7349755ab613aca09528a32891e147a6","originals/beetroot.png","1254","1254","1723218","475a527dcc9064c1c7f92c0aaa921101d4c835244cb3892599c080f72dae699b"
"golden-beet","Golden beet","Roots and alliums","Produce","images/golden-beet.webp","320","320","17432","891ce00cfc9014d2273a9ec77e56d1b515a78d356966e5f264000d448af996ae","originals/golden-beet.png","1254","1254","1960717","d4046b6ea92a71b52e2b1c5de8f2dd93f0cfa2686316981e4aa555eaa73f0468"
"radish","Red radish","Roots and alliums","Produce","images/radish.webp","320","320","17544","94cea5a0d83e4c59c390549ee0ad4ce78a2dc517e6e6d52c0fa6cf14c94caf15","originals/radish.png","1254","1254","1632791","a93c82f7d22d8fca5d9af7370e1524ee3b151e93a3ca8eed8355026edd20f183"
"daikon","Daikon","Roots and alliums","Produce","images/daikon.webp","320","320","13394","a509db444867025d8e587fa7e8faa47c1243cc605fd760ddf477f69a773ee681","originals/daikon.png","1254","1254","1414868","637f7f53c7dcff0c56c0e234d92c5d3376c5c4f3b997fbb70a2a9fd891bc17d5"
"watermelon-radish","Watermelon radish","Roots and alliums","Produce","images/watermelon-radish.webp","320","320","21084","b75841bbc67bca14e4d188b480864eef2a3a27fa92361bb9ee4f14c790900c85","originals/watermelon-radish.png","1254","1254","1888472","bd26d5c9500b03340e0841b214cc54b018bf966d1a6e6993913542060e4a40c6"
"turnip","Turnip","Roots and alliums","Produce","images/turnip.webp","320","320","16700","c68d861d777bc99745c90e7e1fd402758f0c914d0aff96b7aec34b192740fe38","originals/turnip.png","1254","1254","1696425","102c57caf48bd1bf2d48688a5724aaa1c9edefc5a47842c74f1f1e02d74679db"
"rutabaga","Rutabaga","Roots and alliums","Produce","images/rutabaga.webp","320","320","18182","3febc3fa4fdd01424762e4aebafe315699ca869209c75a22b0fd0452efe4c9f0","originals/rutabaga.png","1254","1254","2036348","b56e28307297eb0be6096aa12a8df8f6da88a69d95a17a042088ad55f6663aed"
"celeriac","Celeriac","Roots and alliums","Produce","images/celeriac.webp","320","320","21640","f902f47b46063e5483f432308fc703fa646700c29d6c70b600b089a039a676bc","originals/celeriac.png","1254","1254","1987586","9a54195af0759b7453ced3c5f025f09622a3c1cd6ca21ee16dc1b97a1f21c09f"
"celery","Celery","Roots and alliums","Produce","images/celery.webp","320","320","15692","d609ff6d2a73b273df8dbccf8666e0ca1d0b1766fb079f835250940c8053631e","originals/celery.png","1254","1254","1564345","075edd82c50cc4d44f8d5e35f4495207d45fc09eb7b9aa082cf90c736d43d9cb"
"fennel","Fennel bulb","Roots and alliums","Produce","images/fennel.webp","320","320","17106","6d7968a2b0fb3560051756e38b11e88ea8c7ba79c963860743360e1dce1632fc","originals/fennel.png","1254","1254","1622491","56d61720e61a5ee9e216116f29a255624cdbb48bc3e4e8e85af0a6eacaf16b05"
"kohlrabi","Kohlrabi","Roots and alliums","Produce","images/kohlrabi.webp","320","320","15406","e0ba015af906d9b4d19183c08a4f6c923ed08d7a21a17bac6751215f0c0ee266","originals/kohlrabi.png","1254","1254","1554603","16379fc55e81d9d1b841845492bb34d061a83cd38be2807c3f23d58ba0ca4b71"
"potato","Potato","Roots and alliums","Produce","images/potato.webp","320","320","11762","0e65f2f78552bbfa7078af8f6349b631a8ceea72f0bdb0d489a7a9bdede861db","originals/potato.png","1254","1254","1597079","748b8e2eeda4917c48433f9df4b6146107f897a6a2ec9920aa7b6d6a56b8d09f"
"sweet-potato","Sweet potato","Roots and alliums","Produce","images/sweet-potato.webp","320","320","15582","b2265a2938562e46798aa3edc91d546e028ea049509f96c90a5e237488501f56","originals/sweet-potato.png","1254","1254","1673349","cf3fb844c3b3a91ac90ae22cd2da91e5c538eb36684bde5cd0f22ccb47addf93"
"purple-sweet-potato","Purple sweet potato","Roots and alliums","Produce","images/purple-sweet-potato.webp","320","320","19188","11f486541b906fe560a8f58b2a82b899121ad864af1af5133e7fc00cf9a2c8cc","originals/purple-sweet-potato.png","1254","1254","2144573","bb5a75085bff475b0b1fd254578b96ab2b25572bbbd17e5830cade3a02cc8fad"
"taro","Taro","Roots and alliums","Produce","images/taro.webp","320","320","22558","69bfe81559b0d0e27e8dc9044eea67b07ba5fdd949dcefab4fabf79cb171a711","originals/taro.png","1254","1254","2029246","bcb00ea639a1ebeec68b70d0f008ccfa2be2c961f7d93be83e94a5d13a9ce9d7"
"cassava","Cassava","Roots and alliums","Produce","images/cassava.webp","320","320","15694","34096ab3f85e9d7ee47c34595c7fc7d1bb398cf55644c15203dbe7a14f8dff9b","originals/cassava.png","1254","1254","1723697","7aaad9a67705366ae09fee2c0b177459b12b6f1c76b650d9180496149f10d025"
"onion","Yellow onion","Roots and alliums","Produce","images/onion.webp","320","320","14684","fe969d314ad4ed01b2da842e23acefec14c90178f06e5ad89ce1e2255d4e4788","originals/onion.png","1254","1254","1629766","09d4714708ca2a1cf6a7382f68a8b25f07ddfe74248f1d719b7ec58e4425f0c3"
"red-onion","Red onion","Roots and alliums","Produce","images/red-onion.webp","320","320","20242","95e03ac58085b49e8131039b556cf2c1f841c894055b885b740002b718b18c9a","originals/red-onion.png","1254","1254","1960349","20c1a4267c396c40df7fec45c1278f8e2c73004b8183d6d2f6fb83f5c052b146"
"white-onion","White onion","Roots and alliums","Produce","images/white-onion.webp","320","320","10460","dc5832363e9cb832e85e8da6aeabdb012537dad35c042b4b76f0e71e381e71b4","originals/white-onion.png","1254","1254","1319877","8cb3f78c61a39e84d0f766ddb145ec2ff4e50722f9e04d33477c12c78ad334cc"
"shallot","Shallot","Roots and alliums","Produce","images/shallot.webp","320","320","17574","43640e9afa3664579af98df4569961e762d8fcc158dec8dfd2d807b285a35332","originals/shallot.png","1254","1254","1510452","60626022e1fcac43aeb5d3e8f1b984b2db17759bd1e4fdd806a0e53d9e7a62f9"
"garlic","Garlic cloves","Roots and alliums","Produce","images/garlic.webp","320","320","12118","4fc3d3116a3d77837969c45a6f57058e4c1045dc78dd46f9a414a6ca8873a5fc","originals/garlic.png","1254","1254","1372876","393a68c76f3297fb36d36ccd5f5e624cfe9d3d8d55a67139d3b5b2fa02057e63"
"leek","Leek","Roots and alliums","Produce","images/leek.webp","320","320","14082","3cc85f0432a0f1df108018bcaa3ec0544e5ac01bc1f782ef6b606ff062b42046","originals/leek.png","1254","1254","1557953","38284be21818858786696dcc50444d07af928458aa189077b4b2143f64bfda1b"
"scallion","Scallion","Roots and alliums","Produce","images/scallion.webp","320","320","12726","b6d2ef926c525eee94987424a6db1de807defbaf7447c776a5acf3e5c68f4292","originals/scallion.png","1254","1254","1129560","5d62c20db1b5f4df3b05ab9c45a51b41dd4c19e29c59d5718d9bfeaeaf73b512"
"tomato","Tomatoes","Fruiting vegetables","Produce","images/tomato.webp","320","320","20040","2a22b76ff613618acde5958af40caaa9a12ffeb255ff38495ce97526fcbfa4b8","originals/tomato.png","1254","1254","1756536","d9483d69c69f97a751a8ce4de2bbc8c51a484ad31e1844739b6714f936f26cde"
"cherry-tomato","Cherry tomatoes","Fruiting vegetables","Produce","images/cherry-tomato.webp","320","320","20430","d6f48fcfe1b3de7b8801f8dcb4927f713b148bb0eaa660e93d8eb4c8fd9aa193","originals/cherry-tomato.png","1254","1254","1497222","61df5de19c39aef1f76494cb7648eb106b24a50ef6428957bf8333e35b134896"
"roma-tomato","Roma tomatoes","Fruiting vegetables","Produce","images/roma-tomato.webp","320","320","15754","90b247abcadf49b6919bbda0b84efa358f62a3fa2a912dc07d04226581770b47","originals/roma-tomato.png","1254","1254","1523940","80de8aa98489495604f4ce05b2d764689754383302d7963e747d822dc2e7bed0"
"tomatillo","Tomatillos","Fruiting vegetables","Produce","images/tomatillo.webp","320","320","16226","103274a7e4c7dc196f4735eddfc1b133452313fbc6bf55dd16d9caa81ebb3ea8","originals/tomatillo.png","1254","1254","1634036","f3b2027c2603a217b09775f530ccb3c9ae54d63c3e1da499e785f9bf9e2f224a"
"cucumber","Cucumber","Fruiting vegetables","Produce","images/cucumber.webp","320","320","17754","9f10eb4a98d937ec4a54176ec883e770e56c412b7d3e68626360373935fd48b5","originals/cucumber.png","1254","1254","1762881","22426e912e67e8378ebde0f7cabeb0364968542e9cfd5dda0292ad217a5d083f"
"persian-cucumber","Persian cucumber","Fruiting vegetables","Produce","images/persian-cucumber.webp","320","320","14962","9e4780a0bd57e575a33c70dcfacfed802800d60100e5c431b68de1323655bdd9","originals/persian-cucumber.png","1254","1254","1408988","1cddd2a8292d5038e87fa150fcd9a31d70d406af7f198dc6dc06845848aa0037"
"zucchini","Zucchini","Fruiting vegetables","Produce","images/zucchini.webp","320","320","19562","623fe82dc0897dab8bcac20876052dd6b94f55a8f2847854c8dbef01d5ecc532","originals/zucchini.png","1254","1254","1778806","99724b58d24580cdc82c39c76a88e1900a1d95c0feda401e1433dccf61952d64"
"yellow-squash","Yellow summer squash","Fruiting vegetables","Produce","images/yellow-squash.webp","320","320","12234","0c092c7a955e9d352a22c15d027bf1418423480051b92d452b119767509ccf77","originals/yellow-squash.png","1254","1254","1389011","fb0b2030add17db7af5a54e89549963a85db270c9024c0da2d16ad7c7e1443f4"
"pattypan-squash","Pattypan squash","Fruiting vegetables","Produce","images/pattypan-squash.webp","320","320","12800","c64966fb0416909b73a4784091f8086011f112b76ce3c26a0cf44206c6c58d36","originals/pattypan-squash.png","1254","1254","1510202","ebc0cd6dc2e055e676c0e87b7e735e4293381e4bf2316a6fa0f035c7611a76a8"
"butternut-squash","Butternut squash","Fruiting vegetables","Produce","images/butternut-squash.webp","320","320","13196","fbe843ccf5db7b8bf765839c2a03144fac05cec5f1a681af785f92a167c2b89c","originals/butternut-squash.png","1254","1254","1642813","ce63b2bf6e16351ab6a612041b4aa7d199b583df3990d53ed72ba2859cf48194"
"acorn-squash","Acorn squash","Fruiting vegetables","Produce","images/acorn-squash.webp","320","320","17668","421d9a2a1918e3f7e36fa863b26e0a9c75f0088c6379d5ac8cf4a9368f7899f1","originals/acorn-squash.png","1254","1254","1874588","82ec93257573f1397d82a4fe679ef20bdfa5026e1912179d0f201101e88f67ec"
"delicata-squash","Delicata squash","Fruiting vegetables","Produce","images/delicata-squash.webp","320","320","19316","793b23827189f287f9d10a0e97a142930b11d556306ae4416842954de364a9ce","originals/delicata-squash.png","1254","1254","1746012","5cae28b7c49bd81ea00678bf4aa29aa5112047502830954ac3140644bb115c94"
"kabocha","Kabocha squash","Fruiting vegetables","Produce","images/kabocha.webp","320","320","20572","821ae055f6aac376eb89adeaf5b10bedb1d508e4c8194c9a8fd6f45b3a005fe5","originals/kabocha.png","1254","1254","2047788","029644ee5baa401253d842ebaca9beaa35158c0218249bf5b1ec64df769f6f4d"
"pumpkin","Pumpkin","Fruiting vegetables","Produce","images/pumpkin.webp","320","320","16290","02fb14fd0726c1f1fa21489ff31110b8abaf5081928707abf7d5239054a2750d","originals/pumpkin.png","1254","1254","1705988","1dc234b5291503989e99c87c9dd2015172e7f8e1f15ccacf25d8633d791acf5d"
"spaghetti-squash","Spaghetti squash","Fruiting vegetables","Produce","images/spaghetti-squash.webp","320","320","15736","d0594975954699072db98735d2bd2d6a1ef1a8ee6c7d1793a15d4a8a255a234d","originals/spaghetti-squash.png","1254","1254","1672942","f1b99c2f177d213f2bb74132cf82a99337abe809be9a0f8bb430112ae88800aa"
"eggplant","Eggplant","Fruiting vegetables","Produce","images/eggplant.webp","320","320","13292","429fbb2191ec984985380d280b355ac527a7598db5a6d1995083ed4ce532700e","originals/eggplant.png","1254","1254","1399377","9f3123e72f3d5d583c3ca8441c5ca25ec2ca0c0f50213e0c4766aa694521f483"
"japanese-eggplant","Japanese eggplant","Fruiting vegetables","Produce","images/japanese-eggplant.webp","320","320","14586","91250fdd947d069acb40018ffa872cd509a25cd6776e0bfa9939256e9d107451","originals/japanese-eggplant.png","1254","1254","1575304","cb8f57a1e2f5f59583bb895159f757130a510d872495bb084496b4f7b841a014"
"pepper","Bell pepper","Fruiting vegetables","Produce","images/pepper.webp","320","320","11384","de9d541a2bdaba841381da34925f6623d8cbe000ee2ac4013e4a2be72b2b89cd","originals/pepper.png","1254","1254","1473803","53920c245438c0d85b89ad2dbc4142ae3c3e0df386c8077698038898d4d7cc3c"
"red-bell-pepper","Red bell pepper","Fruiting vegetables","Produce","images/red-bell-pepper.webp","320","320","14290","69ed102b760ff6b9d2cb3b97217571b084fd834a9b16582d233292968a7dd762","originals/red-bell-pepper.png","1254","1254","1394781","31eb86946884468a754b05b2e45759c9c4087bc75751664034561b88f1b995c5"
"yellow-bell-pepper","Yellow bell pepper","Fruiting vegetables","Produce","images/yellow-bell-pepper.webp","320","320","10914","39b0bdaac30ee4705ed5862c2523ab5add94a412bd5990b1b024ed385835f192","originals/yellow-bell-pepper.png","1254","1254","1276001","46cb300537a695eb1c3cb9fa07a8303c2c7b6b42163fd6cd6b8ff8458f5397a0"
"orange-bell-pepper","Orange bell pepper","Fruiting vegetables","Produce","images/orange-bell-pepper.webp","320","320","13668","baa0a75f925ad39443f6001b6457500efbe9b6a78beef052e9ec5262436f6cdb","originals/orange-bell-pepper.png","1254","1254","1526892","c9b7492f3461c9bcd4f41733888d1ca2ebce5693eba37ddd612b953c42528426"
"jalapeno","Jalapeño","Fruiting vegetables","Produce","images/jalapeno.webp","320","320","15396","7e6669a738ece15cef14ce0e35dbb4e015f2e24cd94af74c3c01e553167650be","originals/jalapeno.png","1254","1254","1633268","e082a82d90d270a10c9df5f04d44ea1710f2e829e8e09d2a7f2f1f93e3b811d1"
"poblano","Poblano pepper","Fruiting vegetables","Produce","images/poblano.webp","320","320","13290","a257c3afe0e2f876307b56893ef26d9890c0f967a3cdcd0e692c108c60d72623","originals/poblano.png","1254","1254","1548711","def0d83890519e2d9926c251f52c1be549c88eec9d455797dd0f537d23631cc3"
"serrano","Serrano pepper","Fruiting vegetables","Produce","images/serrano.webp","320","320","12364","4083782d3a2174c9a9ba6f0aebf6befe17cbf006d620d471a8cf1f3cd820bf90","originals/serrano.png","1254","1254","1225780","3289ab14aadb7ec5d549156526582aad980ca329013acf37b51f42b54d241e90"
"habanero","Habanero pepper","Fruiting vegetables","Produce","images/habanero.webp","320","320","17156","586fa82924394152d2b16702b260730c4c1f0cd97299d2e49e74aa4f8d234ff6","originals/habanero.png","1254","1254","1528087","3ac9a6fffb0abd72b95b5d742e48e0e7be2ddc963fbe73b80cd17fc8f6d6ab24"
"okra","Okra","Fruiting vegetables","Produce","images/okra.webp","320","320","16666","26998297c84af3a3a28abc37a05fcd827b1f5b0bbb7499ff4512efe24b446a3e","originals/okra.png","1254","1254","1651645","55f95ae58fe52f2a746eff9f850fa0f15c27d29ac7dc13945ff1fac2d2d3375c"
"shiitake","Shiitake","Mushrooms and specialty vegetables","Produce","images/shiitake.webp","320","320","17964","40c7b77b3ca8a50a90cbb2e2a19eb56668e4d26452cd03202b6755da087ea56d","originals/shiitake.png","1254","1254","1599611","de1c719370f4f601e1752f67ca5bb0fe6af584127ba7827bded7e71a72ac19d8"
"button-mushroom","Button mushrooms","Mushrooms and specialty vegetables","Produce","images/button-mushroom.webp","320","320","13340","6456c00e6c3c967180a060502ec52f2ad059a8c25e47bb317146d529230c5bcd","originals/button-mushroom.png","1254","1254","1656960","4839f76b42804e0e6caef90d823a8df84d7d2d64c0367fd204f8bd38f1dc7a55"
"cremini","Cremini mushrooms","Mushrooms and specialty vegetables","Produce","images/cremini.webp","320","320","15936","a8293f96e9ac4959e414e3a61ec019e2bd255d874a1e5c1ca23a9848d55633b6","originals/cremini.png","1254","1254","1844256","6936395e0934540430045d696e60bbb348b5791c9873780f6f421a9f955cb37b"
"portobello","Portobello mushrooms","Mushrooms and specialty vegetables","Produce","images/portobello.webp","320","320","19438","08f152bb77a58095d78336cf9275da068489253fd86ee8063f79e4b9a9886e58","originals/portobello.png","1254","1254","2108588","43a2e785b1386a13ad80d635f587735fa8edf82a1a95975f65b445a59beca6be"
"oyster-mushroom","Oyster mushrooms","Mushrooms and specialty vegetables","Produce","images/oyster-mushroom.webp","320","320","13616","683d2e194237ae507470051deb4a56d5a813746d0e06bc6fb82f4666c8459dbc","originals/oyster-mushroom.png","1254","1254","1581095","1d7fbffa11fecc052f59f24ac95996acb0b8d6e6a9deffd6459acdb759921fc9"
"king-oyster","King oyster mushrooms","Mushrooms and specialty vegetables","Produce","images/king-oyster.webp","320","320","13412","1aa4ebedecff3b87c6f74f0df1adcb08f9e7e5b25fd9cb4afea4e9ce785f9603","originals/king-oyster.png","1254","1254","1613648","0278164b108c8fbe098fd869a25fee693dc7fe5bffbc6f887f1b04486fdebd3b"
"enoki","Enoki mushrooms","Mushrooms and specialty vegetables","Produce","images/enoki.webp","320","320","13984","731dd0d793fb3f827c30c0248c3e54428a66b3e9168fb59ab8d8fa5fba5a9d89","originals/enoki.png","1254","1254","1281371","0584130f49fc39c3ee7558742614cf98f64ee8c0b9ad8fa943837c046b2ff2db"
"maitake","Maitake mushrooms","Mushrooms and specialty vegetables","Produce","images/maitake.webp","320","320","18416","6a581df64b748c33142b4e1fd7ab945c0bdaa3aa437a4c98784151e455521c84","originals/maitake.png","1254","1254","2056641","4d66735d8818de1dee77a56e77b837a1bf983a8b69b7fcc035ac68f693dd860f"
"morel","Morel mushrooms","Mushrooms and specialty vegetables","Produce","images/morel.webp","320","320","23102","ac08574ef0483841e59f244615f88f4862ccce919a633e9c256cba20f9c8b1a0","originals/morel.png","1254","1254","1993752","6c7622ae7b633b9f4cf8555c82dde9a12925008fb9c69b2e4437b80307425eb3"
"chanterelle","Chanterelle mushrooms","Mushrooms and specialty vegetables","Produce","images/chanterelle.webp","320","320","17446","048c469989f00df5e077f4fd005f67a64bdf88b2de7fc6ea0c0d827ff06b3592","originals/chanterelle.png","1254","1254","1624374","b5a4a52afdd5969cc52c56ff74c022b9f1830b92dbf085e31859bb2d010a0c04"
"porcini","Porcini mushrooms","Mushrooms and specialty vegetables","Produce","images/porcini.webp","320","320","19886","5445375b040533d6dfb4997de76a36ba41cf8ac6532ad6e7c9f795c532f08817","originals/porcini.png","1254","1254","2069076","69972edafe9a5d088254fe6fd7c8567c99d6a9cce3c0cfdb9aec75364afc75c4"
"wood-ear","Wood ear mushrooms","Mushrooms and specialty vegetables","Produce","images/wood-ear.webp","320","320","16500","0961b6ed3bd983c74c0f1d565b2e80a357906e3001bcf3534f187d044a30efd3","originals/wood-ear.png","1254","1254","1492969","d99196cca6ecc590b71556293002896b51cd1eb63ca71e41329fa2b8e507d0f4"
"lion-mane","Lion's mane mushroom","Mushrooms and specialty vegetables","Produce","images/lion-mane.webp","320","320","18480","2eacf8c5fc9a2e1d9b7c06352560b6d9dc49fba1f810db25d8b6746291076cbd","originals/lion-mane.png","1254","1254","1911891","a70e7b04aecc5a97570fce04625fabb8c1934c1e4680d17023de84ccd34b7f63"
"shimeji","Shimeji mushrooms","Mushrooms and specialty vegetables","Produce","images/shimeji.webp","320","320","17364","6911103b307615b6494023afddba2a91b19ee63f8ec6b3f140831ef7130d5fed","originals/shimeji.png","1254","1254","1662436","c072720aced194b2ddb04fb43932db5c0fbd3d4d10ccf6101b2ea53f7d81cb4f"
"corn","Sweet corn","Mushrooms and specialty vegetables","Produce","images/corn.webp","320","320","19004","611c057b4b5253de43e7d48b9c6c4a1b12a23ba6a7b5ab4387a1a666877321d7","originals/corn.png","1254","1254","1621797","f9886edbbb4a567ed19c5341cd0e43782d1a83bb6b790729fb0c20c74df3ac99"
"baby-corn","Baby corn","Mushrooms and specialty vegetables","Produce","images/baby-corn.webp","320","320","13466","c8aede6002cf81ae288a046f9314ffd6173a28334e17ac82272b39002c071739","originals/baby-corn.png","1254","1254","1201227","7ec2a9c1ded94e1b9252e77b7ce427a68f72f9b9379eec599a2b7cad73d57348"
"artichoke","Artichoke","Mushrooms and specialty vegetables","Produce","images/artichoke.webp","320","320","21312","2391e42bb7e3dd2094e4f27015f285893831e64d4b1b255f06c97b7c74c06eae","originals/artichoke.png","1254","1254","2117723","8c4fb85e0fd4fefc2f3fa36f7615c4036c6e655f914f3e87d3c73d511a587cfe"
"asparagus","Asparagus","Mushrooms and specialty vegetables","Produce","images/asparagus.webp","320","320","16230","f2c80ae67119fa56cfd17563e50d65b82ac28afdd82995bf02eafd9c8989a945","originals/asparagus.png","1254","1254","1449554","24e065b6b43fb18d0ef4adfe960a1db0e672b2d9fbdf0e3c5fe0f0bde4a71b5b"
"green-beans","Green beans","Mushrooms and specialty vegetables","Produce","images/green-beans.webp","320","320","12494","e557bb91effb1dc68fe900bcde12059f0347a80957303fde52d8628c063ee0e2","originals/green-beans.png","1254","1254","1214592","d70a02ebb4a05ea1f7ff10d8de95f18699674e8ef4b930c07e471407f8d55321"
"snow-peas","Snow peas","Mushrooms and specialty vegetables","Produce","images/snow-peas.webp","320","320","13616","f15d8de9388805c43ead1eccb3f6d4295e895f4f8a5e22940d3600a865728d53","originals/snow-peas.png","1254","1254","1581848","7345e19947b3ebf37172431c5dd3185e7fced0f881e1ebe03291bec94555a985"
"sugar-snap-peas","Sugar snap peas","Mushrooms and specialty vegetables","Produce","images/sugar-snap-peas.webp","320","320","12784","8fe00272e47e540c2b99c916f12b3666d413f63e4da5b414580f770276867943","originals/sugar-snap-peas.png","1254","1254","1239804","7929d6fe1deac1aa4663d4c649b99714706db38caba7b5c3acdb16575993c10b"
"bean-sprouts","Mung bean sprouts","Mushrooms and specialty vegetables","Produce","images/bean-sprouts.webp","320","320","13876","56ffbf00f00b1bac32b5789dd6c9ccf064c4066ee6a4b32b0c947aefcfce7477","originals/bean-sprouts.png","1254","1254","1204530","a17b3f9e4572de8259658c93eb8ff2c06cda7ffff431c82f40eff50b8cb57f6c"
"lotus-root","Lotus root","Mushrooms and specialty vegetables","Produce","images/lotus-root.webp","320","320","13834","0059532ff616b63fd9d0c3e563f2bd0bafad218430335a3d6f9255fb05b7cb3e","originals/lotus-root.png","1254","1254","1484077","b7340cd3358b0513cf4e6520c41efec1135558daf5f489f97d652a5e0abc3ff0"
"bamboo-shoot","Bamboo shoots","Mushrooms and specialty vegetables","Produce","images/bamboo-shoot.webp","320","320","12350","8e945daced4e01381f106463a44bdf6d0c97db4a2ad7e1c875f62fc21ba9449b","originals/bamboo-shoot.png","1254","1254","1541567","8ce8f29c47601f4ec8e4e4289800a19e3fa975a081baec3f86e0798e1512ef61"
"chayote","Chayote","Mushrooms and specialty vegetables","Produce","images/chayote.webp","320","320","13416","5f59b6b7676c6755439c6c71dca6041a0aa6fab8ff10aa85404caec016f15759","originals/chayote.png","1254","1254","1564331","2ae896f09ced7d21d160676f9b320d05198c10589b8afcbeec4dcdd966001e1a"
"bitter-melon","Bitter melon","Mushrooms and specialty vegetables","Produce","images/bitter-melon.webp","320","320","17918","b0f256c8516234112adae8b727fce693fa637863d317571072f320a428c444c8","originals/bitter-melon.png","1254","1254","1639074","411d687014a2572818025d9b2429ffde5e32e39ab11f5f644a1334b10ca8d96a"
"apple","Red apple","Orchard fruit and citrus","Produce","images/apple.webp","320","320","20706","6a41162bd6a7852336eebe9004afb4861112c8459171292e466e39dd3651f465","originals/apple.png","1254","1254","1909755","14644e1f56935e6c56e659b329ecf5665fa30cfa0fd6329bf7b68d37f47d7aff"
"green-apple","Green apple","Orchard fruit and citrus","Produce","images/green-apple.webp","320","320","16082","a0fecc41b6c090a6092e671d48aab137682bfbcefa896a09a2c37f618e56afb2","originals/green-apple.png","1254","1254","1782059","d69ce861ebfc234be4a1ebe25693242ca83984eb67e48c0e14781f17b5d2083d"
"pear","Pear","Orchard fruit and citrus","Produce","images/pear.webp","320","320","15562","f8af5165cdd75172323a45c26ffe3dc124271c066dbd95a096aab25d26a59f87","originals/pear.png","1254","1254","1705716","a320775e7010be143142561f42ae7b9e326b875de07658ded225d83d1df4d048"
"asian-pear","Asian pear","Orchard fruit and citrus","Produce","images/asian-pear.webp","320","320","16390","8193176776661c32fe1eaa3ff6974881f7627ecd9ea44bd4210d559605b1acc2","originals/asian-pear.png","1254","1254","1691613","803c65dc408e04354dbc0f6b5b76db4a27e83532c3ba48ebe1ecef1fe027be58"
"quince","Quince","Orchard fruit and citrus","Produce","images/quince.webp","320","320","14524","a31c8a53ca7b8de282747da5b3fe6a7a1c4d137dd2b915379246374b58644f86","originals/quince.png","1254","1254","1870397","051856478ab8c69b7954fc76aee62b14cde4ea0a85569aa12bcb4f19c0aa8945"
"peach","Peach","Orchard fruit and citrus","Produce","images/peach.webp","320","320","16470","499821c7adb07650d38d4f701756a6a5055b42e9de390252087dffe7b83653c3","originals/peach.png","1254","1254","2088261","929b190c41da1f62d77ac12de2ee82ce67172c33e4f9afefda0200d3690b82e2"
"nectarine","Nectarine","Orchard fruit and citrus","Produce","images/nectarine.webp","320","320","18024","cb122d0bc1fca112ecb45b5d4156d30783a045aaac3bda99708012aea7866203","originals/nectarine.png","1254","1254","1878388","c17efaf84b3e4a2aa68a5f037d324eb2614b3367e2c8b7d2c8a1197792648fb0"
"plum","Purple plum","Orchard fruit and citrus","Produce","images/plum.webp","320","320","21390","166699db0ea000f5ba0a0fd0494773c07d3da71f924b7e802c574ff955cefcb6","originals/plum.png","1254","1254","1664494","b8798c735481727162c52616fa1ee4cd6e9ecaed60af21db48be6519e487bbec"
"apricot","Apricot","Orchard fruit and citrus","Produce","images/apricot.webp","320","320","19574","e1c0bcf7d9bd7275ae4c29bc00833cf36fefbcc6b29a722f2d033844c9c63814","originals/apricot.png","1254","1254","1873173","1e258403b6ca477abc110786544b60ac952ec80dd9f321f2d449c3b63be88c98"
"cherry","Cherries","Orchard fruit and citrus","Produce","images/cherry.webp","320","320","19636","4814b7375c30264005f26c07962093731e2f00e8a98140fb623f02579c606558","originals/cherry.png","1254","1254","1744915","3d1e1e04d788c525e5bf3fa32927969fa83bfd3e35ca4b91ac17d35d1309771d"
"persimmon","Persimmon","Orchard fruit and citrus","Produce","images/persimmon.webp","320","320","16428","d40115527fa8131109b20e5060be8a91a442a99d1b9d886bdfeb302c829a4613","originals/persimmon.png","1254","1254","1786013","029da153dd617b465378c9e1438edf2f484d52481594f26a9f91f7b870351dfc"
"pomegranate","Pomegranate","Orchard fruit and citrus","Produce","images/pomegranate.webp","320","320","22662","704c513ae0de1252953e4bfce8ce0f9257f396e4a4204c73d6f142f508438fe0","originals/pomegranate.png","1254","1254","2124607","7ac1582e7f565cd728d98346e97845ca5ca75e5d230a4c5787aaff43429ab8b3"
"fig","Fresh figs","Orchard fruit and citrus","Produce","images/fig.webp","320","320","20528","b50592259796d85c41646a4c6a4845ace37c1bc28a732a2637e7126fcd993a7b","originals/fig.png","1254","1254","1902399","251adaa6650f58af0d3025f391854f0b77b8687e3cf16e43757bd874370a20e8"
"lemon","Lemon","Orchard fruit and citrus","Produce","images/lemon.webp","320","320","18988","f75bba68c1d5659c3182cfa328a3c159b4dbea01bd2d5e7cca918f13a8cdde50","originals/lemon.png","1254","1254","1592908","3969e993462613f3b3414169ea228c4a31af84c87cdc9e41ec9dc274fddd5615"
"lime","Lime","Orchard fruit and citrus","Produce","images/lime.webp","320","320","21714","b39f1c0e10a97e37624670a93978596976cb4d2ba6f475a16fdd6d85bcb47f67","originals/lime.png","1254","1254","1833485","914f50c17703fe64d596349701db0ff09d77b95a33857ae02ccd7255ce62a8dd"
"orange","Orange","Orchard fruit and citrus","Produce","images/orange.webp","320","320","20748","7acdd5a1137bfc4c6c88ef1a8a0a1e14bd61bbc18b368540516e052ed322487a","originals/orange.png","1254","1254","1931044","dc39901ede3dc305973389ed6bdc5da49fff3e0233139d1785c8ed7fe4c35f15"
"blood-orange","Blood orange","Orchard fruit and citrus","Produce","images/blood-orange.webp","320","320","23426","b779ff4c39477cce498d559b8bfc714576bceeadd0384218cdac42ba9cdde116","originals/blood-orange.png","1254","1254","2158295","ce6c8b893c34c42e0854b20766d5664be7abd4695ffbe6cb237db0b02070f48e"
"mandarin","Mandarin","Orchard fruit and citrus","Produce","images/mandarin.webp","320","320","19650","8773f7842fd7976a7268a61e3f49e6c615f4b1c4f18fb49199ccf7069ca946e9","originals/mandarin.png","1254","1254","1505064","4aa06b72fb10a0e476d2f6a6082a081cc5e71e34924417a96a8d67dce671a9df"
"clementine","Clementine","Orchard fruit and citrus","Produce","images/clementine.webp","320","320","18318","49624f41ce8a4fbf109e1e0bf5e3394d68cfdbae79f2e116eba6deff85b94983","originals/clementine.png","1254","1254","1543980","7c51df0bb65106f71a29b2edc9bb9f2da393980fa53937ffd487af3e87412ce9"
"grapefruit","Grapefruit","Orchard fruit and citrus","Produce","images/grapefruit.webp","320","320","22296","32e1b45e284f64d327dae531090d6f99ce58b1f69d22f09f0797c70909c22dbb","originals/grapefruit.png","1254","1254","2107153","8335fd9712613edfa6d04771d6a372a44e9246a59d198a7879b9e0bb7281e48d"
"pomelo","Pomelo","Orchard fruit and citrus","Produce","images/pomelo.webp","320","320","16922","d855646aa12973298e878053331bb850a9917427b6d424ad16c42c4630d8addf","originals/pomelo.png","1254","1254","1743143","d64861f89ecf7fc25ceccdb3301cd63295240447f58ee3ece0d8448c75540e38"
"kumquat","Kumquats","Orchard fruit and citrus","Produce","images/kumquat.webp","320","320","16422","2086f664bd8e5deb099eccf1e9d8d67e8be7063024cc3218547009ee794e900b","originals/kumquat.png","1254","1254","1454858","9c659b4b029e146794d3506ae60803a5579d5d6aefa13afea6b7424d803d01e2"
"yuzu","Yuzu","Orchard fruit and citrus","Produce","images/yuzu.webp","320","320","18644","baf75ddad71c6959d3db6009c34fdacccc110d0fac56cab0ffa092239e78f10e","originals/yuzu.png","1254","1254","1807018","228d00dac86341bd02819372b10e8baab2345fae7561272e952df164f568422f"
"calamansi","Calamansi","Orchard fruit and citrus","Produce","images/calamansi.webp","320","320","20376","dd6ae2c1ded9434977900deb1cef73c376304ae423b22a7337c6d458476e980f","originals/calamansi.png","1254","1254","1835196","9cd207f8c0c5875d47add983c66f4f32e97fbf9e17d3839b5292ce037ccf2b24"
"bergamot","Bergamot citrus","Orchard fruit and citrus","Produce","images/bergamot.webp","320","320","15750","471f3b59e43aaad8718fb7f3df62f2b62b06dae73369c70a7606d47ae3acaa75","originals/bergamot.png","1254","1254","1587422","eb53d50471cd9a67bed9587bcd6b6d9e8f12a9d6a64efdd2b7db41c6cebe9894"
"meyer-lemon","Meyer lemon","Orchard fruit and citrus","Produce","images/meyer-lemon.webp","320","320","18144","1e4e5a01b251819509bc496750e26b2920edbd14fef5026cb19712226782a102","originals/meyer-lemon.png","1254","1254","1647089","e3819d243bad274c45e1a909eb8e5923f468e6a697cd349c6fdc258414766f0a"
"avocado","Avocado","Tropical fruit","Produce","images/avocado.webp","320","320","22118","a7bb17009cad5723e262da37112134e16fad3e3453cbca8d7fc6299989add3ab","originals/avocado.png","1254","1254","1934048","86373875202ffd814d26d92731940c1d7d32233551efd444a161a33f90407b21"
"banana","Banana","Tropical fruit","Produce","images/banana.webp","320","320","10250","a63caaec075c0f1708465c8b8191839d0bc66c19aaa81ec0100f052a2520c17d","originals/banana.png","1254","1254","1182791","22335f07c57a579119b407a56b44dfa842d3c3d9fd99cad63a8927af08b018bc"
"plantain","Plantain","Tropical fruit","Produce","images/plantain.webp","320","320","12460","040f20b25d3d98d0cbe37ddd8a05607eb4a170c32522bc3e919429b3da856367","originals/plantain.png","1254","1254","1451830","67c068e007fa109ac0ddf42bac9767a0f11fa641ac5dd6aca90e2b8a67a8ed5f"
"mango","Mango","Tropical fruit","Produce","images/mango.webp","320","320","15000","3a08d6792fa4f7a65af8b1963b4448795824f56dc3625fe28d709d6d5354b652","originals/mango.png","1254","1254","1889894","10d562d1431e29f73a2b847c27b8ea29538998b763fd11635aad3dc401f0abf8"
"papaya","Papaya","Tropical fruit","Produce","images/papaya.webp","320","320","17360","252ce7cb923c567ad2a752b66232b37a25aa9d68abae1a7b01c98b3a7d4e1950","originals/papaya.png","1254","1254","1736221","649baa1ad1e48a523623b44d1802c14a2960ea1869b3f860db0ab99ea3a367fc"
"pineapple","Pineapple","Tropical fruit","Produce","images/pineapple.webp","320","320","19378","309bb628f5d0dc5fdca612bfcb545eff9dde0388a4c39c093d482db8c1265d58","originals/pineapple.png","1254","1254","1849607","e8e5d8f8f2d3962f3647a8a150f8e4fd09d298ac2d1c6aac16a64091c7a1dfb1"
"coconut","Coconut","Tropical fruit","Produce","images/coconut.webp","320","320","21564","d9ad445f713bf3a6710d3932a485c71ffc5bac07e8b073b7e66e7cea1ad5edba","originals/coconut.png","1254","1254","2070784","486d4ffa6ab02858a5af6523a9a8d60379c3328623f035a666c613febacedcc5"
"kiwi","Green kiwi","Tropical fruit","Produce","images/kiwi.webp","320","320","20928","a1c32b596b87fe9841554f9d0cf2778ad5aa31aaf37592af985f971faaf72790","originals/kiwi.png","1254","1254","1950048","a9454ab13d7fc97f08a4a878c10152d03de8765cc6909364092d6c1df3259612"
"golden-kiwi","Golden kiwi","Tropical fruit","Produce","images/golden-kiwi.webp","320","320","17374","206abc9f2be704d3dae5ba62320d279404a69a822743dc361291a12f9964edb9","originals/golden-kiwi.png","1254","1254","1817631","8e9edad57b67484db2f1d54efe474bcfe00db7cc31ac6f08fd9ccce5cff5cf98"
"passion-fruit","Passion fruit","Tropical fruit","Produce","images/passion-fruit.webp","320","320","22066","a9e5f11b59db8fd9e6e884667e931b6a2a89356eba536f9c511a71f2e38c9ba3","originals/passion-fruit.png","1254","1254","1830642","020d6b578c066a382bacb9f3b07123c4276daf318f1b20ea950c68d56bcfac08"
"dragon-fruit","Dragon fruit","Tropical fruit","Produce","images/dragon-fruit.webp","320","320","20704","1a419ef6b0bbd91e4161efd9086457fb41280d0be45f751bc80c899c83d093ca","originals/dragon-fruit.png","1254","1254","1807383","45b5290902a0ce646e436d9bc6a810bb3aceb65b6e791dcffa9e412c9e5c2ca6"
"guava","Guava","Tropical fruit","Produce","images/guava.webp","320","320","18360","b0ee524f62946fed072f86c21030ecc5187b3acc7e26c7c091ebee69c12b9ec6","originals/guava.png","1254","1254","1982566","500bd902e30d313bbf5fa99a2b089de5988ce6fe5bb1e39d2d9da205a1543639"
"lychee","Lychees","Tropical fruit","Produce","images/lychee.webp","320","320","21996","348f8f73f0c0b44a04a94640464242aa94717b6687c0744baa5c990e2ae3a678","originals/lychee.png","1254","1254","1583356","4cae3e12b37bfe70f8957305efa74855d192584d9df2171a9a84291d75c2b665"
"longan","Longan","Tropical fruit","Produce","images/longan.webp","320","320","15926","3c9b55b3a256ee2c01899a7b2c47717c920051dbbde41ac59e30b2b24fc5f6f9","originals/longan.png","1254","1254","1696662","0a840de4c314e4f9c6684f2de63b3de23d4e3143ee72a3da78c5dc6ea19422cf"
"rambutan","Rambutan","Tropical fruit","Produce","images/rambutan.webp","320","320","25402","768d6181fbeba46c3716087d7f45e2cc2a46f12aca54c033a0ace9af1c87d8ad","originals/rambutan.png","1254","1254","1985334","c375ea6ffad290b09737e8268c4dcf3a0fb23febba9713687b00ccc336a71f90"
"jackfruit","Jackfruit","Tropical fruit","Produce","images/jackfruit.webp","320","320","12328","38fab9016dace6f89dd28a054db222e1e80afb9f940d042763c45e0f93a5b492","originals/jackfruit.png","1254","1254","1519120","a8967f5181d29cccd66fbbf261872fe78088222d3b5c6c3a6483fe87e63d67e6"
"durian","Durian","Tropical fruit","Produce","images/durian.webp","320","320","15988","d71821db44381155fa82bc8252b10209ef1c4d98061f9e2b23a68f3c64252fd8","originals/durian.png","1254","1254","1726962","4902636109f935f787fb5ccf54d9d1ee37ffc092e4c2e82633ae3b4cd248ead6"
"mangosteen","Mangosteen","Tropical fruit","Produce","images/mangosteen.webp","320","320","20564","8b0c0fb04f6fed860653d397e7ac16f3997d38d6b30b4f5c7e7501889341a7a9","originals/mangosteen.png","1254","1254","1981210","1475f22680db41d00b61f247b84ec5041ba91c55e81eaee68029715c74e2821b"
"starfruit","Starfruit","Tropical fruit","Produce","images/starfruit.webp","320","320","13684","97927b7656f7c09322ecbb77613cc623c81bd13d430c7b18c3b451c0eb9a7b89","originals/starfruit.png","1254","1254","1414739","bd5a79e6393dc7e6e1a99c7563df3b2086124573febb78f036502918f0edd6a1"
"tamarind","Tamarind pods","Tropical fruit","Produce","images/tamarind.webp","320","320","14830","d64126ab65d939774393c15595d825f92455dca2a6243d6e158694b0ab4a49c6","originals/tamarind.png","1254","1254","1404498","c7cf10d71771dbcd527694b4d692760e2512944cfc2561497dac098d52adeac5"
"sapodilla","Sapodilla","Tropical fruit","Produce","images/sapodilla.webp","320","320","18350","b8d39829762ea288400815406b24882aada259dfc936e98c8ed48f18c27086a3","originals/sapodilla.png","1254","1254","2232015","9fb2e5a6fb13e7a2af4cf46c63d7cc66ef8d8738d734c081c233e009a2e655f9"
"custard-apple","Custard apple","Tropical fruit","Produce","images/custard-apple.webp","320","320","20726","1ed0c97d96bc311dd873744278462fcdcbe89b65875bebbad1761b187ab8e08b","originals/custard-apple.png","1254","1254","1886900","67104973c74b9f68ae49ba038fe57afae2f897ed7134f8f060eb8c5fc6145f59"
"soursop","Soursop","Tropical fruit","Produce","images/soursop.webp","320","320","23940","2becc745456e8a97efe772763038d1c5744a0c40dd6d5cbf40395fff740b8d30","originals/soursop.png","1254","1254","2044268","79afd94c964da099556e9d9b4425d8b94477c461fa4bfe2642fd63ca75ba5546"
"breadfruit","Breadfruit","Tropical fruit","Produce","images/breadfruit.webp","320","320","20710","240fd0ef484c327365eb676be6242f1f25f051c4bfc60b43b09f16a82385e602","originals/breadfruit.png","1254","1254","2082141","be81750c4abbb6463d123b227eac34a1a73ab025ffb1cbbcaf3241fa6ef4df2e"
"feijoa","Feijoa","Tropical fruit","Produce","images/feijoa.webp","320","320","19760","00ba8fc86232b9460b5b2bf8be7ccf81c53d6d7ce6ecca8e174c851af05b8a9c","originals/feijoa.png","1254","1254","1962479","710641e7ff9f4040d608fb15d1cae7b6b4e701b491c254426a4cc454fae54b22"
"acerola","Acerola cherries","Tropical fruit","Produce","images/acerola.webp","320","320","18982","594685f602091fb848e334270dd82ddfd465c1672e9c0925dd6b16bd9d0cc844","originals/acerola.png","1254","1254","1627853","990ec61b057c483568ca346ed0701315950a85c99c26b585b60f8c4d838301da"
"strawberry","Strawberries","Berries melons and dried fruit","Produce","images/strawberry.webp","320","320","24450","3f072bb40ecc74a253d84074e61e5dd9e700d10d6f348791daee2fed3ef7d172","originals/strawberry.png","1254","1254","2080487","cece0f7910dcca0a6bcf6967a06c5849b3d1b344f24b393a50291f30b97151a1"
"raspberry","Raspberries","Berries melons and dried fruit","Produce","images/raspberry.webp","320","320","21378","3950bbc2edfb622acedb85cd4be70068f630d4cdf81122279a587ad2136923b9","originals/raspberry.png","1254","1254","2014619","4ec6ca0ecd3179c1dfd44d2f2505a77bd15cd3f168318868d2fbdae4ad17f9d8"
"blackberry","Blackberries","Berries melons and dried fruit","Produce","images/blackberry.webp","320","320","19576","163e88625e1bdaaedeed3bc753180507b995db3d0b5a1ea33a22c3ceed52ecac","originals/blackberry.png","1254","1254","1529300","e95428a4d100624806dcffaa8bab304277441e9ef01112aac8c01417595b26b3"
"blueberry","Blueberries","Berries melons and dried fruit","Produce","images/blueberry.webp","320","320","17332","7668cccd656cdb9ab9d1d4ea055e6713ccca13081f466273be0e6d4594ba7251","originals/blueberry.png","1254","1254","1747727","6bae963ebef3a16486f8653875f9a63d18f637f366a86cfd6f9bc6b706cc699a"
"cranberry","Fresh cranberries","Berries melons and dried fruit","Produce","images/cranberry.webp","320","320","16042","369a0c74fa425779746af53b134eefcfbadde2a603aab2165d71e6fd160ba568","originals/cranberry.png","1254","1254","1693988","21c606f4502a1d4472cda88014124ba28babb10e26303c3b6255370e6a840e84"
"gooseberry","Gooseberries","Berries melons and dried fruit","Produce","images/gooseberry.webp","320","320","18524","3a77294599b191c374618018b3a23ace52fa9900285a07a32934b9bb598a21df","originals/gooseberry.png","1254","1254","1867582","241a8d4a6461150f7f48cae8d4086848f4c39cd57397e44426d7fd9d559e03fc"
"red-currant","Red currants","Berries melons and dried fruit","Produce","images/red-currant.webp","320","320","18124","3f2adc9b2d73698c44a8a9a1ee042e0b09e38f1d1909d7b15aecc59507c23bde","originals/red-currant.png","1254","1254","1450866","1741f7178a3ecc27044209a984e7735a6db7210e43cfd1a951f558ee79463130"
"blackcurrant","Blackcurrants","Berries melons and dried fruit","Produce","images/blackcurrant.webp","320","320","18460","88bc3927170f6fa8deefbaf841e388f56b05655a1c959e3a80f11536cbeb0e60","originals/blackcurrant.png","1254","1254","1749479","36d0a5c274210d918b20d999d2c2a9c8c83a0a4e1cbff5a795480c0ea50e3cdc"
"mulberry","Mulberries","Berries melons and dried fruit","Produce","images/mulberry.webp","320","320","20270","066431b26e38522c2182bba5022ab500185693949e294b0a5fe69e67b8e384e2","originals/mulberry.png","1254","1254","1618125","cbebe99217fdf56f0af4c9f66467b76f6bdb013fa48cc89408e764e23155106c"
"elderberry","Elderberries","Berries melons and dried fruit","Produce","images/elderberry.webp","320","320","21628","448e9c1c1e3c267b514488b7e431c74cfbb39b87f2812e9550e11c0644053fd1","originals/elderberry.png","1254","1254","1728587","e7dc2b7f02cf04ffcb55e67f89cf5446206f0ac64ffc25dbec1cf815ef7d678a"
"boysenberry","Boysenberries","Berries melons and dried fruit","Produce","images/boysenberry.webp","320","320","26266","5a09c12a08523bed7dc5433558a0dd47525a54ad0ce861bb4a38a5c089d36327","originals/boysenberry.png","1254","1254","1804232","7ccd3c7f381c5b30fdab47bbd163fbf12f5430755d2f456306e7ee7f402db09d"
"lingonberry","Lingonberries","Berries melons and dried fruit","Produce","images/lingonberry.webp","320","320","16062","bd8cf49360c4e8e5820dfa539f2736dffd00dc667890fede2acd4964309f421f","originals/lingonberry.png","1254","1254","1647806","6705886cdaf933363da13ce45a83a4632ca900af8d87e4495446d80b96f089ea"
"cloudberry","Cloudberries","Berries melons and dried fruit","Produce","images/cloudberry.webp","320","320","18208","0ec99c2c3b34a24960de5ba5f04c94c3e736631d7fd1e8fd99014749b580a8bc","originals/cloudberry.png","1254","1254","1663567","27a5d9c0f618cd73919bb6d03009feb7ef21add5b2dd40b89ca80254624e5282"
"goldenberry","Goldenberries","Berries melons and dried fruit","Produce","images/goldenberry.webp","320","320","15916","c7966d1e4f614e116446c29f7593dcb5dc212fc4eca49fb4ca775b4202a52b6c","originals/goldenberry.png","1254","1254","1496853","ab00979e96f6b9704fc282b9c46967d6b255e49cb3f4f96d2130674332919372"
"red-grapes","Red grapes","Berries melons and dried fruit","Produce","images/red-grapes.webp","320","320","20992","073aa109cfcb75598930d212da86d82209e897ff02ac7daa37f6063789baed0a","originals/red-grapes.png","1254","1254","1789975","81a3c7500a336a42263a6e0b98cc33c820e9b1cdffde4bc0c1bac7955171bb50"
"green-grapes","Green grapes","Berries melons and dried fruit","Produce","images/green-grapes.webp","320","320","16428","ea41ed798d6e23bcba884335becec49bf38843d236b585f24b249b1f828be49e","originals/green-grapes.png","1254","1254","1660723","e5befc3473e1536501ad2791caba8331ecc31b103ed7ba7d7d29903ab9cd6735"
"black-grapes","Black grapes","Berries melons and dried fruit","Produce","images/black-grapes.webp","320","320","21840","b63a1ac81666c49136a3dad550324e4deffedba8c429da670de44f7fa7352a5c","originals/black-grapes.png","1254","1254","1802706","438e9c01eaf9fd77bbb11f0ecd72604f1109a3f4e9b2498fa4466dafc5b5dc6a"
"watermelon","Watermelon","Berries melons and dried fruit","Produce","images/watermelon.webp","320","320","18222","301b0f7a254459cf73814da428299095d6f6097c4593a4614235aa2e1c4b9d43","originals/watermelon.png","1254","1254","1766546","0ad3c58e2db470efa3a792cf8618625cd8868860910f6cc0ac58ce74775fdafd"
"cantaloupe","Cantaloupe","Berries melons and dried fruit","Produce","images/cantaloupe.webp","320","320","16150","d5b2bd25c0af02f32475b271abced55c69ccd5711710cf5a68c46bb9768afc18","originals/cantaloupe.png","1254","1254","1790628","f8bc55613fcc28dc8021f23a2be75ee11249c36432ddc9e65b3850491a331aff"
"honeydew","Honeydew melon","Berries melons and dried fruit","Produce","images/honeydew.webp","320","320","12744","7bf1f8daa7637b15283b21c54bf8b75857459c1a44b9965be5ef7f7a0ef7343d","originals/honeydew.png","1254","1254","1750864","418078924eb40da5e059f21e23df791f4da24ebf8066c79f57fab850d19cee6c"
"galia-melon","Galia melon","Berries melons and dried fruit","Produce","images/galia-melon.webp","320","320","21640","be67c4e201a91619885c693fa62b52fd3df28721613fc3ca0c823de5c187a67f","originals/galia-melon.png","1254","1254","2050010","2367feba136e80af39c67949bea073b7ccfc4efb30cf5103113b46b813c67dc8"
"raisin","Raisins","Berries melons and dried fruit","Pantry","images/raisin.webp","320","320","20372","fc4f90e8d4c05091cbf760faf1ef1bc7fbeea833ea3feb134678f328533df0eb","originals/raisin.png","1254","1254","1602011","cc4fb422410fe88f8712505d0ae3aa20a80675dbcae16478ea51bc078e65c299"
"date","Dates","Berries melons and dried fruit","Pantry","images/date.webp","320","320","19284","4d158d20366f902e4d98faf1fd8e5263c3604610d768c632fc9dc5323aeea8e4","originals/date.png","1254","1254","1598336","02eef402594b05a368b97c0c0f12d1182e2c728f291e561d8e8eb39c91475212"
"prune","Prunes","Berries melons and dried fruit","Pantry","images/prune.webp","320","320","17896","958a038e5da19340c4182a8ed070fa690ef0c1d42c519d142c4d95fee3310e6d","originals/prune.png","1254","1254","1403949","32101a72410f76a1edc975b7cfc7042c6bb72f75e8026bbb46ab40fe0dd3c4b3"
"dried-apricot","Dried apricots","Berries melons and dried fruit","Pantry","images/dried-apricot.webp","320","320","14758","325d842328c5437baa9456590cfa600b0b64300dc2b930077442211f1447f42b","originals/dried-apricot.png","1254","1254","1441955","b3338909b3d66f30789a839092e09c0b82fc8bdcbeb7c19a06360b2380f37312"
"dried-fig","Dried figs","Berries melons and dried fruit","Pantry","images/dried-fig.webp","320","320","20840","71760e7b7461125d7bd03aeb5435ebb0c81977fe2588f169a4717c7aa68a4d3b","originals/dried-fig.png","1254","1254","1968873","271d1832c38f5fa75e6be285a0d6c94a1fb9ed06a7099113244dafc7951571a8"
"basil","Basil","Fresh herbs and aromatics","Produce","images/basil.webp","320","320","15058","ba1bfe122b108544f9439208b7bcefb58820edbe28a06c962fec87c9b18cab3d","originals/basil.png","1254","1254","1567195","e29196736e0fe56460481728d04f91a68efae62e779ad7af65dfd60782fb1125"
"thai-basil","Thai basil","Fresh herbs and aromatics","Produce","images/thai-basil.webp","320","320","17734","f34dccd8b82a747a2da0e8de6dfdad0d5f523632bbbd26f2488de25c52b018a9","originals/thai-basil.png","1254","1254","1527997","3f9fd67d42bb97736d85fde5977dd0181589990c69fddd1fb79b486bf8f5af6a"
"holy-basil","Holy basil","Fresh herbs and aromatics","Produce","images/holy-basil.webp","320","320","19848","a5a4f9d451fac1f7dcd2a4090f79389e87e38188297bca76842392e7dbaad2dd","originals/holy-basil.png","1254","1254","1818057","6af77d3dd23b81760da8f9a27abceee22f7f2d1c566ca357cad87177524a84a3"
"cilantro","Cilantro","Fresh herbs and aromatics","Produce","images/cilantro.webp","320","320","21772","b11bba0000f9eccb5ab75453b92dbc48cf0640db93e45ba73ea4192b14b19bb0","originals/cilantro.png","1254","1254","1653911","587065aa24fe47ffd0be705b1c271ce18f42115504dcd24eb0e088791b78ed2a"
"parsley","Flat leaf parsley","Fresh herbs and aromatics","Produce","images/parsley.webp","320","320","20522","73242976151d188b583dfe6154b8f901f6e7231677a46939cf9cd86a4c420745","originals/parsley.png","1254","1254","1796278","7578393bc7a237f6a03e7d8350f87e8a49826443457b1c84c8301b0df712f736"
"curly-parsley","Curly parsley","Fresh herbs and aromatics","Produce","images/curly-parsley.webp","320","320","25720","abdb619755989753d970ae7137ff5b86a04efd5867a7b44ebf023b6cdd9b4911","originals/curly-parsley.png","1254","1254","1810918","aae42c93a6ae8d8ce5e4af653279371dd07b1316954e834b5db274c8cb10bee3"
"mint","Spearmint","Fresh herbs and aromatics","Produce","images/mint.webp","320","320","22952","06c71444801f7a4fdd591f7b36f78af59caff50235bbc51ff06f7333577cbeb6","originals/mint.png","1254","1254","1840516","0743fdd4341e64fb49bbaf4d7cd6ce529e9617da81ab6bc505fa6f850c0b8e69"
"peppermint","Peppermint","Fresh herbs and aromatics","Produce","images/peppermint.webp","320","320","24194","9c7be69d8207ec7cea61647fd1d8278948d23346c0f272c9140ee7a7b2b9565a","originals/peppermint.png","1254","1254","1930623","6c511d68404c4ca65646bdc036a97e90a0c2ae4c9aba86a5ff33f9f7931d9f58"
"dill","Dill","Fresh herbs and aromatics","Produce","images/dill.webp","320","320","27244","0bdadfc97692f92b0cde01324bed802fd14ad33df48cb7c306f31c15d02f3ba8","originals/dill.png","1254","1254","1913031","a8815ba2eceb7bc75d1397d9b5501d06fe3a08c8d8030a9d4055a8953b3101ed"
"chive","Chives","Fresh herbs and aromatics","Produce","images/chive.webp","320","320","17080","d391d2604c97578ef26196c6bcdb2d519c64cd607fbb7ea6338839a15630f3c4","originals/chive.png","1254","1254","1132431","030405dee82d87728f55014984d5eb2d1e87a1f7ca53328cea2b4b1d66ca6cba"
"garlic-chive","Garlic chives","Fresh herbs and aromatics","Produce","images/garlic-chive.webp","320","320","18930","f90ad795193058506f8c8aa9d5038c3520392953c68ac3d23b4cb643a3ed584c","originals/garlic-chive.png","1254","1254","1499683","194cc7231c38985632f84dfafcc9870524fde72d9c42643bf565e8cfee4f9fea"
"rosemary","Rosemary","Fresh herbs and aromatics","Produce","images/rosemary.webp","320","320","22336","04251bd048c8685d99213ba1ee8f6d1fa4d2c8a01f94b9cb0b7dc27225d0c2ab","originals/rosemary.png","1254","1254","1590702","d72af9283fdc647726e0948b25cee980362ebde0122578452b6ed194457182d3"
"thyme","Thyme","Fresh herbs and aromatics","Produce","images/thyme.webp","320","320","24412","9d92c88cc1c23274dfbc522f5b2489eeaf565fb17584c699721f52c62cb8c394","originals/thyme.png","1254","1254","1627661","817f3272527467ec35b7f5277d8fef3397638bce9ad6b20230968cb1f49a9020"
"lemon-thyme","Lemon thyme","Fresh herbs and aromatics","Produce","images/lemon-thyme.webp","320","320","23220","3a5b3631e76103889a3c6e7fde258d56e12107f47385545a63c109d4b8ae669f","originals/lemon-thyme.png","1254","1254","1492433","731dc73c7e59543c88db64a163cb10bb342cd180aef64541bf8c2fbc4ee6c066"
"oregano","Fresh oregano","Fresh herbs and aromatics","Produce","images/oregano.webp","320","320","17936","e17229828cb1bce64cd54f1ecd6b31fad6ccf69606a474e9f1efb17d602f062a","originals/oregano.png","1254","1254","1676226","22b682bb1c2e1b1f88045e59f08ecebc5d0400b0aed456156b9dd47942547dcc"
"marjoram","Marjoram","Fresh herbs and aromatics","Produce","images/marjoram.webp","320","320","16990","f25e2097fe0ac7879f40d694035bc8b8a11433e2df94c6d9c97b36830b4018aa","originals/marjoram.png","1254","1254","1615455","7d5448e42d6a23638bf1585a408fab0781f76f4e05791a60ed6be9567d7d49ea"
"sage","Sage","Fresh herbs and aromatics","Produce","images/sage.webp","320","320","21448","068555b379be1f1205770dbb3e095fe6e9ce29651f6862e659dcc5da4eb9a775","originals/sage.png","1254","1254","1927132","ac503e5f6498e4d6e1e57b65803db30093949a3c4dbd4d531c1e1ca9ea9fd430"
"tarragon","Tarragon","Fresh herbs and aromatics","Produce","images/tarragon.webp","320","320","18368","12835fce22e13c7f550dd721aeabc931f4904a01e5a97605cea2b0a93da70e3f","originals/tarragon.png","1254","1254","1368791","61443bc5f65dc34e44ac5a10bcab3d46300498cf88bb45251ce5b847394be3d8"
"bay-leaf","Bay leaves","Fresh herbs and aromatics","Produce","images/bay-leaf.webp","320","320","15666","a1e72d91fea933bddee7e7cc7d96626b7b4092cfd1c0b1114e476e3adb5b31bc","originals/bay-leaf.png","1254","1254","1869950","4bc87d42a3cf128ad8a18bd9f72615e10b059a556c48c6cfb7e0249748e4e7c9"
"lemongrass","Lemongrass","Fresh herbs and aromatics","Produce","images/lemongrass.webp","320","320","13150","1b812effabd39de2c742e63d9819c6472805529404bd3a792e6b892ac91a7df0","originals/lemongrass.png","1254","1254","1381849","51ccf750510e0aabbff63f07a77b46f9a9388bfc1a9c5668c9d7c537fa5f1c93"
"curry-leaf","Curry leaves","Fresh herbs and aromatics","Produce","images/curry-leaf.webp","320","320","18780","0e0fa91bc6491b8d2720fab7082afbb7c5088c8a9d6ed71a1f117925985ba195","originals/curry-leaf.png","1254","1254","1551615","4e0d0398388cbf4abe8f8c67701bb6fa8813268f9d79868784895833bb6950ab"
"makrut-lime-leaf","Makrut lime leaves","Fresh herbs and aromatics","Produce","images/makrut-lime-leaf.webp","320","320","22174","31e669099bf25b78ec8524856e13d8c5afccc35a1e34fada27d60a9adb551231","originals/makrut-lime-leaf.png","1254","1254","1514738","0e6f633ae600b3598e96e98b65ba3792421727c2e0657e146553ceea72f3a0f0"
"pandan","Pandan leaves","Fresh herbs and aromatics","Produce","images/pandan.webp","320","320","11352","1f3260d2927eed8277bcc50f0295a127cc29a341518abc4783ccc7fe940f2eb9","originals/pandan.png","1254","1254","1103800","033a1760cf44cc807beaa66a03d7b5101ccc4c076aa2d1428299d4fb481d95a4"
"ginger","Ginger root","Fresh herbs and aromatics","Produce","images/ginger.webp","320","320","15442","fb4abb108ebed0a670000e2829210736ec2e6d65804dbbda916cca0563e19c6c","originals/ginger.png","1254","1254","1583110","17235b7e0dc33e9d33ea92f9c3ad1a680e3bf7c8b82dc1d60d878417cdc22bdf"
"galangal","Galangal","Fresh herbs and aromatics","Produce","images/galangal.webp","320","320","15908","f379ddcba110e92501d28c88378c5e609b410bf34970518b9143837f04e571be","originals/galangal.png","1254","1254","1542180","d3663b4ee50c534fdb66df7127fd1d45e1ecd44b7d32d39c10c9bf13198df0d1"
"turmeric-root","Fresh turmeric","Fresh herbs and aromatics","Produce","images/turmeric-root.webp","320","320","14344","b06d41878213083bf8df0857876e9c9bcef76f5be9ffa7b21872f70df6341c5a","originals/turmeric-root.png","1254","1254","1589914","2b47fa315c53e522bff0d6765a2c13c18e8ba4144a7b89148703842d00029458"
"black-pepper","Black peppercorns","Spices and dried seasonings","Pantry","images/black-pepper.webp","320","320","16676","205b981ccc659759d89e142e22bcbd1efe64074f85c5c6b689380922c4ce939e","originals/black-pepper.png","1254","1254","1279322","16083fb743552552c0e7fd20c2df1c5cbdc7e4a95d3448f25019cd18348a442e"
"white-pepper","White peppercorns","Spices and dried seasonings","Pantry","images/white-pepper.webp","320","320","11376","57523fb7bca8698f0dc6abcaf787447876a7b2a15785132554c9b70e91fcbf75","originals/white-pepper.png","1254","1254","1156475","96969de62d067b4eddde2929ff8a43e4f07af4756bd69c104a5b0b45fbc0295c"
"pink-peppercorn","Pink peppercorns","Spices and dried seasonings","Pantry","images/pink-peppercorn.webp","320","320","15468","4e15db26902551b3d2aad1e57240df37d6a073c24606e1c9d9c8930adf35ff58","originals/pink-peppercorn.png","1254","1254","1235373","512323093e87fc319a1ccebe76e7a7523ed05ee68c929086dde53e4e15cf5617"
"sichuan-pepper","Sichuan peppercorns","Spices and dried seasonings","Pantry","images/sichuan-pepper.webp","320","320","21930","9975fe8a6336dbee37ca6f35689640ce2086b3c9d435485180ce45a038701ea7","originals/sichuan-pepper.png","1254","1254","1572958","5ff64466df73da88dce5a9a34243053e6e3efe0e9cc213b3537bf6ca22bb24c6"
"cumin","Cumin seeds","Spices and dried seasonings","Pantry","images/cumin.webp","320","320","14468","f0c086947ade11b5019b05279e62c3bf1856ce8aaf0200b3f98f76b18cb3c220","originals/cumin.png","1254","1254","1151893","4663ead26d159d1ed840c9d6c1326b427fdf46ad0c359182c27cfacb475c58f2"
"coriander-seed","Coriander seeds","Spices and dried seasonings","Pantry","images/coriander-seed.webp","320","320","15744","7f64422ccbf2ec59ef6dfe89a88b65aaf878620c1a117767875fd2f538ad1414","originals/coriander-seed.png","1254","1254","1393268","020d5329a283cbd49d39c27f11c600598bfb7535e5954c79eacd1253954c95ff"
"fennel-seed","Fennel seeds","Spices and dried seasonings","Pantry","images/fennel-seed.webp","320","320","17980","44b1ca63454a2a2d434ed8b6f000ed87fdbc3ad6bc05d355474c77af2da817a7","originals/fennel-seed.png","1254","1254","1398535","7b775e176052ef20c3c0bc26287e83856cc7b7370b7012279f061b2d60773c52"
"fenugreek","Fenugreek seeds","Spices and dried seasonings","Pantry","images/fenugreek.webp","320","320","14484","2f4187c40e5dd4805b6cb37b3740675fd1773d040b028f9d1bd8c7a2f6d7bfe4","originals/fenugreek.png","1254","1254","1197645","64da4b8063fe1c095dd99637db8575bb183858df3c483f2914b8af6e4a856500"
"mustard-seed","Yellow mustard seeds","Spices and dried seasonings","Pantry","images/mustard-seed.webp","320","320","12486","23219dcc07449aa5cf26101b36fde2d18306f3f6d1041454c5c207897501c3e1","originals/mustard-seed.png","1254","1254","889821","41088e8d6645573c7595bec90efa0f6832219aefa81216182ec46852e53f66ee"
"black-mustard-seed","Black mustard seeds","Spices and dried seasonings","Pantry","images/black-mustard-seed.webp","320","320","13434","97438e8563d9c4d0174e1d4209c5b30df548dea75ea31e8438f472d009eec7bf","originals/black-mustard-seed.png","1254","1254","1177117","873e2575558746623d12eab9ddb398be1a1b75c686bf13a9e2afad720f34db91"
"caraway","Caraway seeds","Spices and dried seasonings","Pantry","images/caraway.webp","320","320","19312","9d6840305d310b66ce07165aaa8d45b6f7ee06a0f14b9a00b2dde38d5618abca","originals/caraway.png","1254","1254","1431360","2eadcf8861036f400eca20d98cccf9aee33c068d141efeb9644c2d3e91dc7913"
"nigella","Nigella seeds","Spices and dried seasonings","Pantry","images/nigella.webp","320","320","14348","762f636fdf78a7b097a01f0b5b17c9833a0a07a371f9b084ae14e6f4d5986cb7","originals/nigella.png","1254","1254","1337727","f081ba6a6f5768056c7e0993ee1700d09f83c89c1cc96084953a2dc41674afa1"
"cardamom","Green cardamom pods","Spices and dried seasonings","Pantry","images/cardamom.webp","320","320","16648","8288bdf1e60ed5865883563a1213bcd129e540cabc9fe56eaf0d2304df7f72c2","originals/cardamom.png","1254","1254","1636754","c5fa5cb20054ec6a018c0adeed6ca99d9f21be480cbac17f8efd249a3ba0bda4"
"black-cardamom","Black cardamom pods","Spices and dried seasonings","Pantry","images/black-cardamom.webp","320","320","20300","6a2a9e946ab6a2e80826df0c02c7f27b94a9aa2a26014a9b663acbfbc19e6a0f","originals/black-cardamom.png","1254","1254","1563667","2a71d1e51e85592b3634dc9bc1806f71920aee909ecfafdfaa547d7144d0f414"
"cinnamon","Cinnamon sticks","Spices and dried seasonings","Pantry","images/cinnamon.webp","320","320","17242","5824982e9ed52d8b05437f777cc531e583d694910274d483531543b1be311f8d","originals/cinnamon.png","1254","1254","1496403","b61b28cab0cea82002b89206f8be3867c5d3c56297d3c694d17947f78dbf3784"
"clove","Cloves","Spices and dried seasonings","Pantry","images/clove.webp","320","320","17796","5bed5d4c130a553b651f219b8fd2873bf042241b74226c3bbf0fec8b6aa40130","originals/clove.png","1254","1254","1294729","536adc7cb922af7fd14e2af064b71a63cc7bddf59441cab88cd522d8b208907d"
"nutmeg","Whole nutmeg","Spices and dried seasonings","Pantry","images/nutmeg.webp","320","320","22092","d358f4e7c5d875657e173f847fad29ae142f3263d7f872be9b38ac13f5153893","originals/nutmeg.png","1254","1254","1589241","3aa135c88509ffadec524d1e2471054abe366b9cd7e8a49a344b294843e1111a"
"mace","Mace blades","Spices and dried seasonings","Pantry","images/mace.webp","320","320","17236","da62ee0755db89d10ee7679cac82fda44d6fb8aa5ce264675344559300222c62","originals/mace.png","1254","1254","1357924","950f52ecb35ec5b454d62b96b00a61b9c3d5f7b8835fee09d2548190939c9b6b"
"star-anise","Star anise","Spices and dried seasonings","Pantry","images/star-anise.webp","320","320","20158","95aaa297435d2417ec548f0e75105e026a7a95cca588b932122556c929316164","originals/star-anise.png","1254","1254","1498638","450c308c5b83c2cf143448384eada97a6c08122afb31b8d3cc8724f8226d809a"
"allspice","Allspice berries","Spices and dried seasonings","Pantry","images/allspice.webp","320","320","18056","66b8a4c492fc7af5bfc4dbe37ee18a89bd372a6fc07b8c6fb40ee7446be3b168","originals/allspice.png","1254","1254","1572931","c940030436b39b2272f2d87d3e2d3584122ecc876dafb4a328b77f9ddb14c5c7"
"saffron","Saffron threads","Spices and dried seasonings","Pantry","images/saffron.webp","320","320","19708","74df22895df9e237d5867196b13435cfc72c4911a96025ad9de98fdfb4a0d39b","originals/saffron.png","1254","1254","1123651","567d9b9edb3f03e8805812f793fdb4536643d1a173de8d90334fc2dbe3b21abe"
"paprika","Paprika","Spices and dried seasonings","Pantry","images/paprika.webp","320","320","19680","56a188baea4dbb59866745b5946f683902223523079d1def6919b8a39e290108","originals/paprika.png","1254","1254","1517071","b06d73e79bedfd87ff66b6a2d73be0f08301563d81ec184311adc3392f86a4e2"
"smoked-paprika","Smoked paprika","Spices and dried seasonings","Pantry","images/smoked-paprika.webp","320","320","21538","66e917f3d4e678a4450cb8c961e76c6ae6cfc04e83bcf084ac2ba10557468616","originals/smoked-paprika.png","1254","1254","1602439","539e32566079fbc0a72d7366104d84921a129fe04b6021129afb38b16693089a"
"cayenne","Cayenne pepper","Spices and dried seasonings","Pantry","images/cayenne.webp","320","320","21060","af7b49e8984cbdc6237af24d93bcd2bf7528ed1c0e9794a8eacecac84a62757c","originals/cayenne.png","1254","1254","1482772","937dd11bd54f68c1dbdeeae9e0eaa43f58ed4be47683b5ac90460c7e12e03c98"
"sumac","Ground sumac","Spices and dried seasonings","Pantry","images/sumac.webp","320","320","19860","fabf93d30d90128bda0d44f5590ff30743af92fb2865a87c31f874b491137d4b","originals/sumac.png","1254","1254","1486915","9fece7598b23d18d1c341b4735039beb49a1aa50f61c674a5df92b28b135d3b8"
"chili-flake","Red chili flakes","Spices and dried seasonings","Pantry","images/chili-flake.webp","320","320","17624","1769cdd5a7632a647f5846993243ad42e620ffdaf6d52e9cb1ec433ce054e69e","originals/chili-flake.png","1254","1254","1359090","8487ff9569c545202b9e95cebdec79df4a8a0a7fe18f9859c826079dc5a59818"
"rice","Rice, dry","Rice and whole grains","Pantry","images/rice.webp","320","320","8784","d2ba530ff9a2c031f41a3434ab04fea077aa8fcf48d04c81117a813f195a096b","originals/rice.png","1254","1254","947439","63f7a4e4698852d0d298b272ef406bc13b0d0a1f9c841e7275129d83a20f2d39"
"basmati-rice","Basmati rice","Rice and whole grains","Pantry","images/basmati-rice.webp","320","320","9568","f58b3ec35ae8e6b94a49e0a058ee93d9f2855843a3666b37a8933959f3f29711","originals/basmati-rice.png","1254","1254","1030082","faf2934e4728dac9c98bb7f1efa755d428f2d523012d9ff337e8963b0c61bd3b"
"jasmine-rice","Jasmine rice","Rice and whole grains","Pantry","images/jasmine-rice.webp","320","320","8320","7dac4f606e5f9a31034c41d967136e104e6e83296184851c13dda7e395627a21","originals/jasmine-rice.png","1254","1254","917916","ebb0387ab2fddff4cf68ba1d2076583ca5827d36f206177908a39a6989c36d32"
"brown-rice","Brown rice","Rice and whole grains","Pantry","images/brown-rice.webp","320","320","13786","6e7a19d86f19006e08b827e04eb356c20c5bbe411ca4727b4118cda0b848ec68","originals/brown-rice.png","1254","1254","1186110","0b11d340d09cf710b7b08f0f703b85497b09bb449bd1b9395c62a8d12a9843c9"
"black-rice","Black rice","Rice and whole grains","Pantry","images/black-rice.webp","320","320","14100","33fc8fb0c5b30df9001c18660d38390464291985ef3c046238741c0475647fde","originals/black-rice.png","1536","1024","2184665","2b96c15c57434f3095c59a0998f683bb21c7bc2f61a173a544d76a3c8bf4be08"
"red-rice","Red rice","Rice and whole grains","Pantry","images/red-rice.webp","320","320","17520","f988d1f01016b28cc3997e8185472c23e6e9dbf2a41065ede8627d0afa4e9a26","originals/red-rice.png","1254","1254","1374674","a97dc0cf81a44d04d3a87794146faf7dda8f90fd4f3c81cd52e9b7169e5b6e2e"
"arborio-rice","Arborio rice","Rice and whole grains","Pantry","images/arborio-rice.webp","320","320","10466","56ca1a33c3321bb9f44cd9cbcd19de6736252e396eae6ab55aec6e49f650f955","originals/arborio-rice.png","1254","1254","1075599","f938a63bc1cc8e38a5a730a4d4200bec30e84ba3b1b5bfa084ac59150012250a"
"sushi-rice","Sushi rice","Rice and whole grains","Pantry","images/sushi-rice.webp","320","320","7350","7bbd28fcc1f4a55660d2f9cf26dad2cf5fac22dd649eb7a7e21993cf89bc55b7","originals/sushi-rice.png","1312","1199","976631","f05fbab116af5c523b3b73b0b4005c12ef7c02bc0927c37b91c9e335a6b964d2"
"sticky-rice","Glutinous rice","Rice and whole grains","Pantry","images/sticky-rice.webp","320","320","8030","9bab890752c215fa269bddeace7127a83e8814ff51c6251cf888002119f6c986","originals/sticky-rice.png","1254","1254","923678","299d62f80fea9be226dc37e407d15224dec5a582f25af2092aa51727a328205d"
"wild-rice","Wild rice","Rice and whole grains","Pantry","images/wild-rice.webp","320","320","15684","99ad58e116a28f10cbaab6a068d2171843cf1e4704096d7e27576e82b5d94469","originals/wild-rice.png","1254","1254","1265542","3b429349006d905d7e6e9e6d29c108a75e975081c62b8e36b6464f8b805b694c"
"oats","Rolled oats","Rice and whole grains","Pantry","images/oats.webp","320","320","16050","21f94de70a3ba0ce5912eca9f9f843b71ef32665815b78fa188432ed0cbda117","originals/oats.png","1254","1254","1277045","e8d17a18bee426226494dc4fe520b83e422a35d0d3c3ae4fc976816a692a00ea"
"steel-cut-oats","Steel cut oats","Rice and whole grains","Pantry","images/steel-cut-oats.webp","320","320","17730","cb24d8786d1f4a473a0c42abce471500000234b4ac576c196bbe3924e642b0a4","originals/steel-cut-oats.png","1254","1254","1416742","f52c3fb18f1504a1a113e288eadf660fe15e2c9b128b691b469ddde74adc2d83"
"oat-groats","Oat groats","Rice and whole grains","Pantry","images/oat-groats.webp","320","320","14612","b6a052c0a768602808175c98ae8e8cd7d1705432ccc9b3203f6faa6675f7e584","originals/oat-groats.png","1254","1254","1182602","77476a095ab7d7173a254708e878f4e0bc57870a8df7fa16dcaab41fa254efda"
"quinoa","White quinoa","Rice and whole grains","Pantry","images/quinoa.webp","320","320","16652","7143aab93162a9f2b75331631fa907b7f6b17c00c49c08b815c15f1fb6410fda","originals/quinoa.png","1254","1254","1141552","b8b06224abbf36e90a642e2047c6145faf1eb6295266d4b9d2ed30d3c4266c15"
"red-quinoa","Red quinoa","Rice and whole grains","Pantry","images/red-quinoa.webp","320","320","18194","24c1d5693e7e884ec9cee2386b05cc1d0eb3e582d5cd919778e655a810929947","originals/red-quinoa.png","1254","1254","1123782","a18bbdf8902b618cc8bdc01b57f17e1c17df2b16117cb11a42c38a32bb513495"
"pearl-barley","Pearl barley","Rice and whole grains","Pantry","images/pearl-barley.webp","320","320","11928","e0050e7af73d00f2a996fda02343bb6b539ed8fd4033533a21aa2e286018223c","originals/pearl-barley.png","1254","1254","1162874","4c4b161dc6d0e96a7877e0eff37fb33bdb776e40b161d6ec90e27c13c2f47bab"
"hulled-barley","Hulled barley","Rice and whole grains","Pantry","images/hulled-barley.webp","320","320","15198","44b2cb3d7f6ecb92fd751f4985a1f74486b0f51f80ffde36f71faee449e6b21b","originals/hulled-barley.png","1254","1254","1427137","4ec95fbe826fad01fffa5deb6098efcf60e90ad4b1c3c4e6e6836bb17da8d253"
"farro","Farro","Rice and whole grains","Pantry","images/farro.webp","320","320","20320","fe7ecbde5818392a856332959b18f5532dc78d1364551046e2fec7587454b9b9","originals/farro.png","1254","1254","1730836","51790022505ce5509186485013de17b189c1a6f83710aa879667c0dda6c2776c"
"bulgur","Bulgur","Rice and whole grains","Pantry","images/bulgur.webp","320","320","15084","ee5d95763a4e9c6560a5a146c9c90dd4ea123636ec5bf57f285ad52f10ec4e92","originals/bulgur.png","1254","1254","1208491","07d13522e8240fe9448d2f127c9d48d261bd9884c18be3fad7cedb1ab51755f4"
"couscous","Couscous","Rice and whole grains","Pantry","images/couscous.webp","320","320","13796","5af2a9ea6d2b5805dc6ccba2363a7192e4df2be56b29b6045c9c338993b87991","originals/couscous.png","1254","1254","1144671","ba0742c1ff80ad5c363aaa35eb4ab3022e9032fe19e3ec19581e51403b55c150"
"pearl-couscous","Pearl couscous","Rice and whole grains","Pantry","images/pearl-couscous.webp","320","320","11274","09240e7e24f3cb80c6dab843be3e035160862ae65b924a40915f3a12f723c4bb","originals/pearl-couscous.png","1254","1254","1122120","1db8f2781ace5f21370eab2be8d4718f38ce81394757bd0dbefdc11efea33894"
"millet","Millet","Rice and whole grains","Pantry","images/millet.webp","320","320","14296","9295c7de3fcfea8c765325984c43d0afe7187a046084b971d1fcdaf6b09bc425","originals/millet.png","1254","1254","1043563","ad9c1d84374efc523ba169b5fefb1bcd83670b0261376015c37375566d06859d"
"sorghum","Sorghum","Rice and whole grains","Pantry","images/sorghum.webp","320","320","19198","0f32d1b680ad18ba0a88f6c70f3bc7276ac1a4c7bc443c29569dd4c165740587","originals/sorghum.png","1254","1254","1291917","3b1ea534687df65c86bc0b242db28f1aff8e182ac7196334463523a1ac4b3abf"
"buckwheat","Buckwheat groats","Rice and whole grains","Pantry","images/buckwheat.webp","320","320","14544","2b8cf8dc26f6527431aa7c69a3be7f3de3c4e783e32e2abc5d2e4c4106146cb1","originals/buckwheat.png","1254","1254","1295828","c6ce62cffbacbebf2fa316d77e5c760a88dbadba0036542604a2481c44009df4"
"amaranth","Amaranth","Rice and whole grains","Pantry","images/amaranth.webp","320","320","15596","8d964e8ff26bb065b45682537f1b3b5033f92d53825cd6d03e55b5c3485d3c89","originals/amaranth.png","1254","1254","940736","f3505f3145db22980308129c4bb7c7077f9653f897f40212ab0589c489a24707"
"teff","Teff","Rice and whole grains","Pantry","images/teff.webp","320","320","20406","b18919c6f97fa0cea56accb03d52f4da8453af8f3d8bfc6cef61c0b25af3a45a","originals/teff.png","1254","1254","1300336","b241e8c83bff359fa642badc3e05968897b0f7acba25e6bd60a8315e6c7b59d3"
"pasta","Pasta, dry","Pasta noodles and bread","Pantry","images/pasta.webp","320","320","13128","fd13b15baa67af3f781fd8e841c9e4ef198cfd9ce6ed256fa3d450919ac2de85","originals/pasta.png","1254","1254","1325588","60140b1af389a578bf342e4cfee09ce44a31fc250693d6e83092095594fa7587"
"spaghetti","Spaghetti","Pasta noodles and bread","Pantry","images/spaghetti.webp","320","320","13324","c8fc4d13c092c79d9d9e0ab00f67a5db1331978b37cb7d8a780871ee08829627","originals/spaghetti.png","1254","1254","1170417","35a0bdffb72f688b9ba776c7da3f44a2acd6c04e9bf881de08ec7df98f8d911d"
"fusilli","Fusilli","Pasta noodles and bread","Pantry","images/fusilli.webp","320","320","11588","6aa94c42d52becff042d99f494b6fce80e031131fea4e0fc38cf59c32a09fccc","originals/fusilli.png","1254","1254","1229935","af3603e301aeb3e3bba0e221be00318adc552a32bab1d75ef7842e7394137a6a"
"farfalle","Farfalle","Pasta noodles and bread","Pantry","images/farfalle.webp","320","320","10670","5e555561a5f7113c95def7f7c02b9861d15abb839f74cc8e37107b8f7830b3bd","originals/farfalle.png","1254","1254","1318262","41a8fe3e79aff50b95cc5d6a618875edf5da594a4c7b8b8cb7712b1776730ffe"
"rigatoni","Rigatoni","Pasta noodles and bread","Pantry","images/rigatoni.webp","320","320","12946","f3d8a8295878b0e6bcb26b2745872d46dcf25afbce01ae720138e66e023c003a","originals/rigatoni.png","1254","1254","1255893","caa1753c57b2a374fb9f82a159b879549cb17382a317faa3ec4afef34466c46e"
"macaroni","Macaroni","Pasta noodles and bread","Pantry","images/macaroni.webp","320","320","8792","94e13eb5a82889a4132338ab4c85b9697285dfe614459395fd1ac794327e4af4","originals/macaroni.png","1254","1254","1039701","3fa1557ed5a1a4524eea4031686cdc676e63450cb45f103d2235dcbc94b364d2"
"lasagna","Lasagna sheets","Pasta noodles and bread","Pantry","images/lasagna.webp","320","320","9630","95b34a2cea85cbb932ad9a898a075de6729b8a2885ffcef8327a506b28b8d377","originals/lasagna.png","1254","1254","1296943","eb15b3abda622d1c31da3267be9b0217dd1a7f6180e5f90632b773ec2ac24386"
"orzo","Orzo","Pasta noodles and bread","Pantry","images/orzo.webp","320","320","12482","fd46c89cdb9d29ef08d8a8dbcbd7e763bd8ec4e495f560cfca8958bc7525843e","originals/orzo.png","1254","1254","1217937","5431f719c853af91623c01d867a2d112d2976b7f390a88b908667a66f4b09f3d"
"fettuccine","Fettuccine","Pasta noodles and bread","Pantry","images/fettuccine.webp","320","320","13842","f4a85517377dc247ca91c3616b8803ad93457889871101a1c37a4532ab4aa348","originals/fettuccine.png","1254","1254","1665313","b30d15e4096995e81875bd8f1bc6164681ecc89ad21fe616263e129cd2b2fce4"
"linguine","Linguine","Pasta noodles and bread","Pantry","images/linguine.webp","320","320","14584","0ca13d967264718aca4aa11b672865f1df5428bb2a11bbcd1c5f0d613d8e551c","originals/linguine.png","1254","1254","1537196","018a5d94b551e979d540bb907f6535f523c46e6e9df0776348ba48c077a6aa0f"
"gnocchi","Potato gnocchi","Pasta noodles and bread","Pantry","images/gnocchi.webp","320","320","11910","b7ee6db28eea1868755f57e1d7b6d9abe42380efe4c8960d3219bfd0b11895b6","originals/gnocchi.png","1254","1254","1514734","092cd3e2d5384695adddc1c0ad27201fa492586edcc168b475394535a98555af"
"rice-noodles","Rice noodles","Pasta noodles and bread","Pantry","images/rice-noodles.webp","320","320","9170","1ff379af2c83ad666016c8ccabe5ffd2f370678305c61e345d38b8adf17c6212","originals/rice-noodles.png","1254","1254","1259899","c6ae4f6a9386bcad536e8cc93bb1881c523575616184d7e1c855b54ea63cd387"
"udon","Udon noodles","Pasta noodles and bread","Pantry","images/udon.webp","320","320","8668","28ca8c5c3a8b2f554d9e589fad36bd5d6214544973250a73e7a9920079df9ef0","originals/udon.png","1254","1254","1056462","1b174b68eed8e39b849ada4314c34d386342511a5f045770064292a9ea2e709a"
"soba","Soba noodles","Pasta noodles and bread","Pantry","images/soba.webp","320","320","17072","28d5306e8be87c6ea4de33517c4bdaa4248ea403755a099c27ca9a6d4bd23d4b","originals/soba.png","1254","1254","1581235","e7e6b289901ac1d1592a510915fc711a4a2a1802babe4ac3c02f594df34389d1"
"ramen-noodles","Ramen noodles","Pasta noodles and bread","Pantry","images/ramen-noodles.webp","320","320","18052","237b225b82a3c6150e2f5f0aa026d9e18c867b21c2e251ac66fc53feec7095e5","originals/ramen-noodles.png","1254","1254","1472330","6c994f657bc83515e73631cf0e296f24a581cd8335714f45c545487022d329e0"
"glass-noodles","Glass noodles","Pasta noodles and bread","Pantry","images/glass-noodles.webp","320","320","11238","8b85d43cafd4084a3e65e58003c95c4d3e486a046215e124c7dbd799b7c04413","originals/glass-noodles.png","1254","1254","1384630","acfa9d877031a5aa3d223596c9bf3a1e11685ce03d444429b482dd2be6784b3e"
"egg-noodles","Egg noodles","Pasta noodles and bread","Pantry","images/egg-noodles.webp","320","320","13704","02436a1b723ab229678eabc57c95bae68ebf4d2cc01a1161a6f414dc613dbdc9","originals/egg-noodles.png","1254","1254","1461759","9c93d52ea9251d7176a801bcc87aadcf59030ea69a56664894b0aef15b8bf518"
"bread","Bread slices","Pasta noodles and bread","Pantry","images/bread.webp","320","320","16404","a6f72f62d8774c45281e1c46bcb82c82d0615bf3f5e368f2ca87ba8316aaf82f","originals/bread.png","1254","1254","1874716","d1f3a4ac9fb01bd1b8325f939f926db8c0c839ea79c6d3ca5aadac9507f499c1"
"wholegrain-bread","Wholegrain bread","Pasta noodles and bread","Pantry","images/wholegrain-bread.webp","320","320","24148","d1a1051f0b7d2e95b966a49032583ce77311d5f33e0f2a7450c0d9b83a5bc64d","originals/wholegrain-bread.png","1254","1254","2148026","14a3c8cc8d8a716c14dbc2612fdb7dc2db6dc2f98656ef52024b63139983a491"
"sourdough","Sourdough bread","Pasta noodles and bread","Pantry","images/sourdough.webp","320","320","22544","33c18a1684511077b73d321cdfb69563d633521c3e396f93a1fade6dc063c5f7","originals/sourdough.png","1254","1254","2206656","fcc23683396a4208acacd0240b31112c651b2eecbd1474fe4df521718ff9140b"
"baguette","Baguette","Pasta noodles and bread","Pantry","images/baguette.webp","320","320","14514","48c64eac05514810bbcdec4a02f08a8f7298e4044fa55872f796e16388cb280b","originals/baguette.png","1254","1254","1311769","7b006bbe9386e3595e4217f3ba0bc51fa91dfd82d63e6b34e7adca83edd0f25c"
"pita","Pita bread","Pasta noodles and bread","Pantry","images/pita.webp","320","320","13688","074be14fa65f15341e38cb0fcb28624282268be79be2b22c70ad6577afabcaf7","originals/pita.png","1254","1254","1784784","398d9e8e58a1181c9d8012825b0bbcc1e1a49e307c97933bfb937d0ca3bd991e"
"naan","Naan bread","Pasta noodles and bread","Pantry","images/naan.webp","320","320","19608","c1f056df790fe5bafb54aa6cb69027970f75267cee0aeb6c0dea050366ed56fa","originals/naan.png","1254","1254","2008090","14eeac943cd1d1b40a081eca9993d8dcc6f2e6775a1d03d45fe3e1e67522c30d"
"tortilla","Tortillas","Pasta noodles and bread","Pantry","images/tortilla.webp","320","320","14296","b2c2559f1f1e7527fffe47fd09ded3e3b170e8d7975f4c53bf258b5447fd0ab6","originals/tortilla.png","1254","1254","1479090","0e1ef299ac7d47e73ade0af889e65c4cbd7938cd7606c1d108e49bd0f1f7bcf1"
"corn-tortilla","Corn tortillas","Pasta noodles and bread","Pantry","images/corn-tortilla.webp","320","320","20432","5ddb079bb16ccf479201c384f19fc30aff9a300a7b53dafc1d9e147f22050363","originals/corn-tortilla.png","1254","1254","1638539","f0d3f8f59e25c3caab91241660e48d1a28cfe4fcba45fd5ad5dd0ea67379ef8a"
"rice-paper","Rice paper wrappers","Pasta noodles and bread","Pantry","images/rice-paper.webp","320","320","8286","cf68cd9abf12d0c1c10bb488040e223d445352a6ba2d0d6d10549ed27d4eb156","originals/rice-paper.png","1254","1254","1206640","7eef6d9b8a3041ff1ce729854677bbbe482f774fc102424bb40f58b9be5dba87"
"chickpeas","Chickpeas, drained","Beans lentils and pulses","Pantry","images/chickpeas.webp","320","320","11338","c4ade3250625e950438d6cdf4d21a74a24db21c14f5a0a804ef4b16a5a22e6e0","originals/chickpeas.png","1254","1254","1245120","823efaec0caa1fccb30be176a206f286f7a61e41baa2f486aec73c3870ee6a30"
"beans","Black beans, drained","Beans lentils and pulses","Pantry","images/beans.webp","320","320","16860","25731cd779ccbe542b5c8fd6f6f0a8f6faf10c27a60531748a7f386fdf303255","originals/beans.png","1254","1254","1632041","4a31c4bb00fd9babe84d2b2f8ce91d1a47557a182868b8dfb30621d2aef223b4"
"kidney-beans","Red kidney beans","Beans lentils and pulses","Pantry","images/kidney-beans.webp","320","320","11702","7dde5995751f854645b3121181e08c6080f5cd8017ac05b8435ecb1ed7a8eb30","originals/kidney-beans.png","1254","1254","1318490","01aa9762222f07a13bc22fe9a956c037ba4d5665ab4c73966047adbca82b0c24"
"white-kidney-beans","Cannellini beans","Beans lentils and pulses","Pantry","images/white-kidney-beans.webp","320","320","7216","3d2619080976c38710fc821e48c6f95f3d42f2f1034af25595b0e807da5b1f09","originals/white-kidney-beans.png","1254","1254","901061","3213590362de9ec342f8f8f9719c35e215d2554138fac955821fa4b227ad2cb5"
"pinto-beans","Pinto beans","Beans lentils and pulses","Pantry","images/pinto-beans.webp","320","320","15352","794a6b8a04d8942de4b7d500c44eb41dd6938e44da349b57eaeb696d894ffb50","originals/pinto-beans.png","1254","1254","1447657","75c9812ef1dac09c096c813790129fdb7d94ccd5251d8d905710ccef3f657d3b"
"navy-beans","Navy beans","Beans lentils and pulses","Pantry","images/navy-beans.webp","320","320","9374","58f7ac234413afd5e72e661c3a85947d5c5a92486ab6e94dc20b1fd6f817f2ec","originals/navy-beans.png","1254","1254","1048379","05cc20e22853ff606cf24e6280d8cabb19c9628f0b4ece30edf143877e9ebd4d"
"great-northern-beans","Great northern beans","Beans lentils and pulses","Pantry","images/great-northern-beans.webp","320","320","7426","531fab81facdece32cfcfe0071068294faba4865c41d4f9060bffffdea5822bb","originals/great-northern-beans.png","1254","1254","963076","5a324e79a61b65fa214c6596cae65c3f19dabaa876f9c52d61e842b7322433ec"
"butter-beans","Butter beans","Beans lentils and pulses","Pantry","images/butter-beans.webp","320","320","8212","e92d9c1ff5744f5c253f4d488099cfa5d7dcf9c050f02e0f983714ffa6098885","originals/butter-beans.png","1254","1254","1087636","1fd3dc72f1f150c2fa0d7fe6787008a1468a6274017b5b8311766adf5a8c39b4"
"fava-beans","Fava beans","Beans lentils and pulses","Pantry","images/fava-beans.webp","320","320","11636","27fad9a5a034cb880089f6f302237fb78afb13a854bbaf1c5c451b1317e1a698","originals/fava-beans.png","1254","1254","1322553","713bfbba3494e470dc3c61bc4c7ab455eec4e040dd792acf8fb5a3d7087c92fc"
"borlotti-beans","Borlotti beans","Beans lentils and pulses","Pantry","images/borlotti-beans.webp","320","320","15522","74e0fe57c7f654b9ac579b77a8f21882fe9f1b9ba017440c6e1bac4a30c4b35f","originals/borlotti-beans.png","1254","1254","1461337","efd82b96a1485a821ccc233a5adef4abd0d79df014e00617474060af6bb41628"
"adzuki-beans","Adzuki beans","Beans lentils and pulses","Pantry","images/adzuki-beans.webp","320","320","12104","16063836c38abac6578dd5687dcb7844e445433ae27aec99f60d1b3988b76882","originals/adzuki-beans.png","1254","1254","1088644","8c325c8af10ec0675dc980b942689a3c6ca83ca55e7cbd34df93bcb9a33271b8"
"mung-beans","Mung beans","Beans lentils and pulses","Pantry","images/mung-beans.webp","320","320","12672","a3f44b2c4dcc98a827f8b7f800782d586c5957e2bf2db2cbec9a6d9aa1e84886","originals/mung-beans.png","1254","1254","1119799","a298ad0af0cd21daa5a7abd08e133d64e14edc99cd73ecac42870ca8548822c0"
"black-eyed-peas","Black eyed peas","Beans lentils and pulses","Pantry","images/black-eyed-peas.webp","320","320","10470","44b04ce602b904fb0c62ac24b69111cd1bfba95abda4a7b92de881db9c3dd63f","originals/black-eyed-peas.png","1254","1254","1127344","da94ca9e2ffada2c7967927e086e6ff8b217ccdaf717c3e78541c92c50945b88"
"green-peas","Green peas","Beans lentils and pulses","Pantry","images/green-peas.webp","320","320","11654","bd6978f761af25483564dc95511c3378bdb17c8a9090c37d554a6a977f6eb131","originals/green-peas.png","1254","1254","1027575","839acd33236862c38af1ef1175f1765977c19896c050c255d421f1207778c895"
"yellow-split-peas","Yellow split peas","Beans lentils and pulses","Pantry","images/yellow-split-peas.webp","320","320","12948","212aa496233e7af26fa2c121ae77455ddf2a32bb787e1914200177ffe8f835b9","originals/yellow-split-peas.png","1254","1254","1122624","6497226975b94ae70b979a280d2c0a65217d9c0c1748c3206a2371bc41292468"
"green-split-peas","Green split peas","Beans lentils and pulses","Pantry","images/green-split-peas.webp","320","320","12664","8e53f1fcac86b7aa383dbcac4d0563cf438fa25b9efe5204f5622a9897e2ae42","originals/green-split-peas.png","1254","1254","1225845","f6ea0fba327c3372302b5045a9b856b28b8d6d3e4683e2b4d18c69fb24a81b25"
"brown-lentils","Brown lentils","Beans lentils and pulses","Pantry","images/brown-lentils.webp","320","320","13680","10bcd3c775aaec8b072cae9d3a0a5d52be1c7eaf286629f3e2ef4c5657167360","originals/brown-lentils.png","1254","1254","1156322","4b7ada59723ba359e7bf234386b522af97b963d4cbfffd7ee63a7e4a0026ae1c"
"green-lentils","Green lentils","Beans lentils and pulses","Pantry","images/green-lentils.webp","320","320","13242","4027b4981ba611980c3178e84f3b4e5021a473dabc4a2241d43d591b3d7ef9bd","originals/green-lentils.png","1254","1254","1197321","a8200839880f659c1a17a501174dd790d30e82c0a5c09cf919835fe7fe024b61"
"red-lentils","Red lentils","Beans lentils and pulses","Pantry","images/red-lentils.webp","320","320","12930","36d30c177d25643c8df49b74a8e92a0c80a710f9edae6e90f3fb0ea83b39cc6f","originals/red-lentils.png","1254","1254","1090014","5b08f3f517b4eabd2d4e9cedf3032239cf9e5d2d5a9c7a610daa1721493483e2"
"black-lentils","Beluga lentils","Beans lentils and pulses","Pantry","images/black-lentils.webp","320","320","13036","8c398775c0c5f3f001509246854ebd014aa042feda268bb85525a5522ece0a19","originals/black-lentils.png","1254","1254","1240116","bde9099ad81b798f98fda5245f219e9ca907efa5fe2d401e9577d3ce53dbaa30"
"french-lentils","French green lentils","Beans lentils and pulses","Pantry","images/french-lentils.webp","320","320","16006","1d7f81876c8c912aed9c07fd8ab8939fe64ee52f37563b9c94d5c2ecae70a1ed","originals/french-lentils.png","1254","1254","1383972","4a6bc5268d7df02228ed42abd53c982c222dfd6f4e5b64f78993d6a3f944d841"
"soybeans","Soybeans","Beans lentils and pulses","Pantry","images/soybeans.webp","320","320","8526","62f873cd238424403329c40febe30c929e592901015c4ab29963a09665233756","originals/soybeans.png","1254","1254","878500","34b81811e8682247cdeb4d63490b01adbf130a4a475d4db2f03fa58001f969b0"
"edamame","Edamame","Beans lentils and pulses","Pantry","images/edamame.webp","320","320","13308","a7211813bd09d37e9280cf654fa70447375d39e11d356cfae6fe7f81870e5ec0","originals/edamame.png","1254","1254","1320549","7fbe4a0357236a1a4962c9c0f633adc89fb192f725f9b07fabcebfc42566a422"
"chana-dal","Chana dal","Beans lentils and pulses","Pantry","images/chana-dal.webp","320","320","11488","b234d09eebc8fc41af7910fb673e8159bd1843578cb626f88e6f3ee43a1ac918","originals/chana-dal.png","1254","1254","1030570","f896acc7bcb7d771412a108fee099fa5f1507a46db43027f1b5b31b1130c8c50"
"urad-dal","Urad dal","Beans lentils and pulses","Pantry","images/urad-dal.webp","320","320","11530","240cc9c10bb682b5fce98765e2662e557eb67cbd45d05395aedee77b776bc74e","originals/urad-dal.png","1254","1254","1195137","67b16be7d9284d59f609398a34ce62e0d5c0eef4e8b1ee471bf04ecb5c1b1d99"
"toor-dal","Toor dal","Beans lentils and pulses","Pantry","images/toor-dal.webp","320","320","12456","f8622a7524ef9d7012c3f29106c3b82ddfe1360232fb4db51a5ddd4c6d5a8301","originals/toor-dal.png","1254","1254","1152620","4fbffb6b71b2db8365f4fd8d441ca308a71dc4d3062eaf05739ad3fb97407fc3"
"almond","Almonds","Nuts seeds and nut spreads","Pantry","images/almond.webp","320","320","14330","fda7cd0a4aaa4216485d6e068bab2fc80680d572bc7ddc0ecaa5e54925cd2f96","originals/almond.png","1254","1254","1300222","e2d8f80574dc9459f3e13afa52712fa41335e45174119d449a98ffa75f618658"
"walnut","Walnuts","Nuts seeds and nut spreads","Pantry","images/walnut.webp","320","320","19840","0d042e91cf5badb07f8943a0c7e9609ea7ae67cba2624d0e6386efa454218029","originals/walnut.png","1254","1254","1997709","794520f7c26bb98c8b4ab50e602d9ae8b03dee5dccbab9ca62db77d5c99b6cef"
"pecan","Pecans","Nuts seeds and nut spreads","Pantry","images/pecan.webp","320","320","17652","d09bfbd5c1c563de3285091e5308bebc18f10f6958481917c7406b78151632ad","originals/pecan.png","1254","1254","1371587","b2a8f64f08a9c2161eff8177e64fffd5a6c0cb556819581cd07d775ba461bc89"
"cashew","Cashews","Nuts seeds and nut spreads","Pantry","images/cashew.webp","320","320","11176","84406d84aea59113e5be6d45625525470b8c45711d04a889bf46896bb8f17924","originals/cashew.png","1254","1254","1321827","a33a92a9787d1408157d60cf0bbb07982c79e56be2fda2018844133e19a45cb7"
"pistachio","Pistachios","Nuts seeds and nut spreads","Pantry","images/pistachio.webp","320","320","14170","69997166adbe86d885f1bf2d5a981a966b2fc9b6a17ee121712ad2b41a390d41","originals/pistachio.png","1254","1254","1140013","0e71c56f381fc2e9f415346ab4d66e156e770d29b2e722bf0c6df22d27cbb177"
"hazelnut","Hazelnuts","Nuts seeds and nut spreads","Pantry","images/hazelnut.webp","320","320","17256","79f07c52692b4540ba3c0676b560cf6852e66a7af0f32ad44820727a88588170","originals/hazelnut.png","1254","1254","1828707","f5a873d5d87135876c634a230cc6b6e39166419d5c52087b1f477401c55a4797"
"macadamia","Macadamia nuts","Nuts seeds and nut spreads","Pantry","images/macadamia.webp","320","320","16280","5428ac4523ccf87e553ba789a5e8c1c6d5356ec6bd5dba33874f920021f4382e","originals/macadamia.png","1254","1254","1531234","b011587b11c6e319ae0c4036cece50adf33c9a203ab69f35127c06cba1f64e50"
"brazil-nut","Brazil nuts","Nuts seeds and nut spreads","Pantry","images/brazil-nut.webp","320","320","12890","48608e2c7491a53615d876cf615b34b10f2181e69622e831ce43a177f127c9aa","originals/brazil-nut.png","1254","1254","1448746","3d36c72887aef6d2bd8481e51a2525ceff2d94ebf0f294c5c665744f81614878"
"pine-nut","Pine nuts","Nuts seeds and nut spreads","Pantry","images/pine-nut.webp","320","320","9524","0778cf57750cf4c680c9679ee5f71510d93de2cec741ee00475873889f3f88bd","originals/pine-nut.png","1254","1254","948506","232918f32cefd7e04611866980e85721fc8502a68527ecec79158aa59d094b6a"
"peanuts","Peanuts","Nuts seeds and nut spreads","Pantry","images/peanuts.webp","320","320","16050","72bc904b08bf23af746af96a02022550dd3022d15ba022a27ee91d22a25e87d0","originals/peanuts.png","1254","1254","1491462","65a0e161ba5ccb949bdc3dd9716f266d7553db90a8df6a9cafb8f9ec9c951f94"
"chestnut","Chestnuts","Nuts seeds and nut spreads","Pantry","images/chestnut.webp","320","320","14046","9bc376445c5c77559e7f8b46abe4bbadd8ac9bc7e60786765729ef89ce8d81d9","originals/chestnut.png","1254","1254","1551073","3e38642afabaac8aed503a2bcfc0366178ccaac5407201c38ab8d9f99604a931"
"sunflower-seed","Sunflower seeds","Nuts seeds and nut spreads","Pantry","images/sunflower-seed.webp","320","320","14366","925a333bed1924eecbe4e954897fc455c1f06977fc9a19c138c32b95506c5e40","originals/sunflower-seed.png","1254","1254","1338393","36e6c173db36cd1a13ceb2c62d0ea237e9f4d38e13a8d71842cc8d92f2707893"
"pumpkin-seed","Pumpkin seeds","Nuts seeds and nut spreads","Pantry","images/pumpkin-seed.webp","320","320","13384","3a6eb7bbd864c74c3102f0efd4af2e0f97bd81b41e01cf3bfc4ce462d2ea41b0","originals/pumpkin-seed.png","1254","1254","1314469","ed4886388ac04f45b157afd8691aa1ef48f61e78a5362e03a39994277f0e2608"
"sesame-seed","White sesame seeds","Nuts seeds and nut spreads","Pantry","images/sesame-seed.webp","320","320","11446","51f31643b1551887de24e63cc05a691bbb631c208ff9bfc6c4e61f721bf1adbf","originals/sesame-seed.png","1254","1254","960481","622282b31c4f10a3e4266dc2891cb362718666afeef27f51aff82ea008dccd91"
"black-sesame","Black sesame seeds","Nuts seeds and nut spreads","Pantry","images/black-sesame.webp","320","320","14102","52f1cb9b65abba089ae8b2c401a945496be5b4407891e2b3fa7310ec8ef2ecc2","originals/black-sesame.png","1254","1254","1292703","04277ff7b65ed980b95846c9d3b700b059207f22d1bab6a6bff292a982f86c8c"
"chia-seed","Chia seeds","Nuts seeds and nut spreads","Pantry","images/chia-seed.webp","320","320","17084","fe0b2114a5bc241ffcd5f947135220323fb5b6bfae03e864d1825d355c2ae232","originals/chia-seed.png","1254","1254","1356903","999986b3e4b4904dc0b5914e506091e02837b6d6cd1ba54d061fcbc7c28384b8"
"flax-seed","Flax seeds","Nuts seeds and nut spreads","Pantry","images/flax-seed.webp","320","320","17122","6ecf6724c66617f51a894342bde7fc6e0d92b660a19838de2e8aadeb55ec2e1b","originals/flax-seed.png","1254","1254","1374781","9d52ac3adafeb8286ae14f8d64cf0bc523bcdc194cccc0b436d5e1ae18cfdb68"
"hemp-seed","Hemp hearts","Nuts seeds and nut spreads","Pantry","images/hemp-seed.webp","320","320","14914","e5a039adf3a8a9821dd2722b21a91d904355fee4fae59db98cc309b9588990ab","originals/hemp-seed.png","1254","1254","1307315","6cd81dafaf00be37d1156e7570a5a3ea351d12d7b177f2c18e66141439f99522"
"poppy-seed","Poppy seeds","Nuts seeds and nut spreads","Pantry","images/poppy-seed.webp","320","320","17006","ec544aaccc22a103d9b1a46a5c71c8dbf454cb9c084ff55e84eb1c8d33f794b2","originals/poppy-seed.png","1254","1254","1332871","d6abb7442142318a0b85be428a589a726ba394e1a45253188688ef7701dabccf"
"watermelon-seed","Watermelon seeds","Nuts seeds and nut spreads","Pantry","images/watermelon-seed.webp","320","320","15796","a6051a3cf64b9079b8236765c610bb5bea3343934bf5326bdac2160cd9010545","originals/watermelon-seed.png","1254","1254","1320192","4ff5f32407c0e04c84f197c14530e44cf92506ff7a295a102b6e1a1d24933168"
"peanut","Peanut butter","Nuts seeds and nut spreads","Pantry","images/peanut.webp","320","320","9468","0ec6e9abf1bb3fdb5797744575240e6a478ac9686e48b297b8aaf3bddc0be95c","originals/peanut.png","1254","1254","1123124","e0effa86a54196f6206ee22f1bca2a63e9a52670b5ef4af3688e0e07e3b06792"
"almond-butter","Almond butter","Nuts seeds and nut spreads","Pantry","images/almond-butter.webp","320","320","19816","9ad9c97b46379ade37a1c84e0d9509fa5215e52105ed07a52c9d1c75e3fde195","originals/almond-butter.png","1254","1254","1653624","eddaba7a73f685b4812a48b135dc1db1e063b8019f1959ed423aa4282fd2d381"
"cashew-butter","Cashew butter","Nuts seeds and nut spreads","Pantry","images/cashew-butter.webp","320","320","17010","d65cf847c30b0aee66b95b262e9dab0f1924ba241fea020c9285e162d2f8bd8f","originals/cashew-butter.png","1254","1254","1494081","d216ffbbe6c06979cbe36439563a432a018e20c05714bc2c7419c8b81acf8e45"
"tahini","Tahini","Nuts seeds and nut spreads","Pantry","images/tahini.webp","320","320","17008","8eacf8feecc2ed7ee1571f674f47f8af28066d86c6ae3bb4fe49b9e3beb6cf31","originals/tahini.png","1254","1254","1290572","d215cc9bcf9d86a9c93046a9abfc655d32951cab025e45893dd15370f7ae96e4"
"sunflower-butter","Sunflower seed butter","Nuts seeds and nut spreads","Pantry","images/sunflower-butter.webp","320","320","19714","caaaf4a72b2bee02c765410cad7a0f148fbbe6ec61b11499ecf7157f4fb1a27f","originals/sunflower-butter.png","1254","1254","1784681","ff78d1e0cb6d95e8c2a472337b52a6c422ebfe423b7132ed1d2df2eccb364c64"
"coconut-flake","Coconut flakes","Nuts seeds and nut spreads","Pantry","images/coconut-flake.webp","320","320","12018","c45e8a4e9f95989a5194495d29935d199e778a7349dbd9a52173932b9a3a7baf","originals/coconut-flake.png","1254","1254","1281451","dc9dd4c090b4f7fbfc0a6c1d2603d2d60bd25411a16a73aae43d37397eb4bd8f"
"chicken-breast","Chicken breast","Meat and poultry","Fridge","images/chicken-breast.webp","320","320","8956","3e0322a1391eec063478158b79d031fc3b6b838b3719d5cbd2f352b14bc3661b","originals/chicken-breast.png","1254","1254","1148830","b3b9e4ed8e1e9435db5603944ba260cc9949a30478c8e047fe5b6dc89a547a55"
"chicken-thigh","Chicken thigh","Meat and poultry","Fridge","images/chicken-thigh.webp","320","320","13428","8b7a5156ebe2a9c564b8a723ddae30fbcae0bc79f40b03906d85bb85b833839e","originals/chicken-thigh.png","1254","1254","1424930","e2fd9ddd16c184d02548a593a11d4783bdf0c7e009a5a0eccd56871f8a521659"
"chicken-drumstick","Chicken drumsticks","Meat and poultry","Fridge","images/chicken-drumstick.webp","320","320","12420","97fe5d6a4d16e7c5c922fab01131930845735ba968cde454b80f85563fff8720","originals/chicken-drumstick.png","1254","1254","1403600","964625a56184e11393f034a84a9c51b33abc299c0448fc0dba528c003267f3f9"
"chicken-wing","Chicken wings","Meat and poultry","Fridge","images/chicken-wing.webp","320","320","12242","1e44d5610e75f22c7701a21f387a968d694e8c3dffc33aceebd4cf072b62250b","originals/chicken-wing.png","1254","1254","1341620","f8d5083e394b5433c471a5c871891a0a14e49b7b605c5c485c11850eb4d540dd"
"whole-chicken","Whole chicken","Meat and poultry","Fridge","images/whole-chicken.webp","320","320","11990","7513c1108d7e1e69acced47e2163d01fd80ebb744c2fdb2f0868909e88c3a504","originals/whole-chicken.png","1254","1254","1488888","18b197da7f8fe89f0b301a5fc14fd2daf0122c425394411339c1aa3800317cbf"
"ground-chicken","Ground chicken","Meat and poultry","Fridge","images/ground-chicken.webp","320","320","12354","a7ce0fe247e84257e659752b354fc95919c3663ee3120cc095121e071ecd565c","originals/ground-chicken.png","1254","1254","1260087","2a6f0ec595671b9cbd483a24089c73828678c8a28412f416d78bfe8b7ad12207"
"turkey-breast","Turkey breast","Meat and poultry","Fridge","images/turkey-breast.webp","320","320","21078","25e8581c820cc68bc7c64b4dde984cbb53c75416ff63c768d3d09825d46c24c1","originals/turkey-breast.png","1254","1254","2045541","cd21a64a2824b55256e7e9e3769238d1d242e789c1cfb95f9bab368e2bc61a8f"
"ground-turkey","Ground turkey","Meat and poultry","Fridge","images/ground-turkey.webp","320","320","14690","7add21f0f022c126b9412f36ba6806fc8bb98a2cd6e3b663aed18565753335b1","originals/ground-turkey.png","1254","1254","1534158","4744902f3fc78ddfea7639bd75412fa660bae804ae23fb6020c1f4466b6e861a"
"duck-breast","Duck breast","Meat and poultry","Fridge","images/duck-breast.webp","320","320","15966","a7e798d129c8133de037ae9dab2cc9f2e6dfe5ec7da90ba43e042ab86334fea9","originals/duck-breast.png","1254","1254","1735088","4ea65509ac2ebafb87dda18fcf536f75a97a224ee235cae6390e1f7baed69a6f"
"duck-leg","Duck leg","Meat and poultry","Fridge","images/duck-leg.webp","320","320","12644","2492714bafa01f7a89a2e76143823870d3099eb98293f1d39794b6286caee8f7","originals/duck-leg.png","1254","1254","1426141","100c20032267e3c4debe36a24d4019d756c4de462b7165f32c7ddf1c4555e2db"
"quail","Quail","Meat and poultry","Fridge","images/quail.webp","320","320","14488","47faf11d57068ff17af5a84f13d408afbdccb22c52916f2bdbd2482bcff26dc5","originals/quail.png","1254","1254","1228321","f2314e4cbb98abbc733111d241c0b0f550b44e436d3b3c2955b81cb66b89afb9"
"beef-steak","Beef steak","Meat and poultry","Fridge","images/beef-steak.webp","320","320","19928","e25a3afa9170036930b889956f8169e2f8a441fab1cf2957e44d9934788b919b","originals/beef-steak.png","1254","1254","1815832","99b001b5990c13aaf2accbe30bb40a8f83d4fe325aa78939e7e88f75faaf467e"
"beef-chuck","Beef chuck","Meat and poultry","Fridge","images/beef-chuck.webp","320","320","21374","d163d5dd7e501f4e008c278e80902c2d4d148a7f7cb1de6359428f679a42c5d5","originals/beef-chuck.png","1254","1254","1780538","7ab0440961944a1137f4c564941e63c4a901a954afcd81349267d4c966c70889"
"beef-brisket","Beef brisket","Meat and poultry","Fridge","images/beef-brisket.webp","320","320","17288","24c01e6371d6019f45f48555513e497dc1c1e26703f73462864da384a3182482","originals/beef-brisket.png","1254","1254","1662508","1f9d33de04ea26bc962fae130c9269d67ebbc6916bb2127bc174456ce38c3c06"
"ground-beef","Ground beef","Meat and poultry","Fridge","images/ground-beef.webp","320","320","20244","2b86ed8f5a6509992dc36b580aa11c2b1df9a1e39dcc64fd1e9c3337217be539","originals/ground-beef.png","1254","1254","1725324","426a508cc1bb2f06750d6b96061b246a4ccbc471c20d495f61c365dfe1b483aa"
"beef-short-rib","Beef short ribs","Meat and poultry","Fridge","images/beef-short-rib.webp","320","320","20926","db172dcedc768444ebab5740fbafddd14430feb16fbf88c10cdaca9921a8ee22","originals/beef-short-rib.png","1254","1254","1737128","326cf5d909e36ff553059a25264ae33a2f032c2e843defa41ef63357d3a27e19"
"beef-liver","Beef liver","Meat and poultry","Fridge","images/beef-liver.webp","320","320","15926","e0fd01703e85e3bc9b44535a7a20ce1e918ed9630d9c7a0c0a3f8c652e15a433","originals/beef-liver.png","1254","1254","1759556","66e7a5f0ea29cc7ba2fc746a8d6b3816b024f7e5aa894d6af221a74c7c3e08d7"
"pork-chop","Pork chop","Meat and poultry","Fridge","images/pork-chop.webp","320","320","17102","f2110cda27128ddac073bbdc692300b3d55edd45a814adb869675a9f3feb6551","originals/pork-chop.png","1254","1254","1682076","afb738f4ad77231e510fffa81cf6cb21afb9bd86aebe65714e70bbd7befeab45"
"pork-tenderloin","Pork tenderloin","Meat and poultry","Fridge","images/pork-tenderloin.webp","320","320","11860","bd4078b03a2fe893a5011c70331c768d000a04405f1b0b04d868b59a56739bce","originals/pork-tenderloin.png","1254","1254","1241231","bb000060d65317bdec283c5fa81004ff0b8141fc1995392cba6f7fcbce626970"
"pork-belly","Pork belly","Meat and poultry","Fridge","images/pork-belly.webp","320","320","15704","04496c996ea9bd4d29156c6d1d583f6082bf347dd813d992538bd87942bc9e23","originals/pork-belly.png","1254","1254","1525155","da07104e53f264092eb18ef82000db462633104e662bd60a9c089aa05b9631e2"
"ground-pork","Ground pork","Meat and poultry","Fridge","images/ground-pork.webp","320","320","17394","708910126759a4afb0f28ca7a3eb1de4a949dbd283112674d9fc3ff638ff6c6d","originals/ground-pork.png","1254","1254","1556584","63003393b21bb9dee23ac5e77d355b1961b6f08fe0608bbe76370ca97b3ffb0f"
"pork-ribs","Pork ribs","Meat and poultry","Fridge","images/pork-ribs.webp","320","320","16718","d58d91c342944a6e748522f42636de93c4f6c55c47e0b0d360ab8ef3ecdf0220","originals/pork-ribs.png","1254","1254","1586928","4e0d892d939b3aa683b242dd325080bbb59ea81f7943e46725cb046ad8440250"
"bacon","Bacon","Meat and poultry","Fridge","images/bacon.webp","320","320","22158","ae957327b82df10028eb8a2cc796da0977ac2c414339b36b25745fb55b4b0fcd","originals/bacon.png","1254","1254","1922142","d207299a87a50fbccbb30dc9ff46eae3ed9125032d3b2ff873ad781f5337feb8"
"ham","Ham","Meat and poultry","Fridge","images/ham.webp","320","320","19536","b4629bbc49a60c0fd94aff337ba9727daf7cc3df0a6149639bee9427fb13f9ab","originals/ham.png","1254","1254","1791658","8c7de8585bc1fd9e0a02ecd875986cf111c725c3164c65cf8ffd0c8e97a9abb1"
"lamb-chop","Lamb chops","Meat and poultry","Fridge","images/lamb-chop.webp","320","320","20312","d31ce567fcd826c5621d05080def7fa91334a21fd59587892d89e5afd5f64b56","originals/lamb-chop.png","1254","1254","1804231","20a9c3b36998d491f1ea51d04739b6d899686f5db25e5c4b4e8afd2620de65eb"
"ground-lamb","Ground lamb","Meat and poultry","Fridge","images/ground-lamb.webp","320","320","17284","7ca608b4f3b2a68c0df7278e9398a4d8a90293feeff56971ea96fc6fe66e17ed","originals/ground-lamb.png","1254","1254","1469092","74bbb87bce496de3d2642e179e97807f2799b9bf9b0f7d3bd19abcdce3836bc9"
"salmon","Salmon fillet","Fish and shellfish","Fridge","images/salmon.webp","320","320","12088","77bb7e50d8faf12b01bc2be0e73ca9cceaf996c37b0e23e61c52cff65fe25efa","originals/salmon.png","1254","1254","1181357","4beee3d90755a295489f1e5f6e303e502624d22827d9bb96902e1975831a49ee"
"tuna-steak","Tuna steak","Fish and shellfish","Fridge","images/tuna-steak.webp","320","320","15780","256357c1c41ade7fda7e86c3894d438cca82aa193bd4e466dc6e260b0367abce","originals/tuna-steak.png","1254","1254","1548015","62a82399e57eda38719dab2dda95d3c3f40cd070f2c6d08209ed12e6cec38714"
"cod","Cod fillet","Fish and shellfish","Fridge","images/cod.webp","320","320","7230","d79cdda8a9a3d05961ce25d9f470a1ed8300325797628a32283ff9acecf716f9","originals/cod.png","1254","1254","1050823","197e85b4a654492c137424d3e9dc35c47c5d0eb9926130a82fea4d6f4344ab33"
"haddock","Haddock fillet","Fish and shellfish","Fridge","images/haddock.webp","320","320","9832","597a02410d2ebb3d7a0603fcf1e9d438c84037d655350bfe56e0c3c90e73bb60","originals/haddock.png","1254","1254","1156623","8668689fe283088980aa188b45b281c819ecc28a42079315f95845e19e665805"
"halibut","Halibut fillet","Fish and shellfish","Fridge","images/halibut.webp","320","320","7426","f9d135dbff97afd40f5584032f59f8683bd653f4f174a816e49afdd58864541b","originals/halibut.png","1254","1254","1110198","37bbc8a6916ff432b2fdfe47d98e965fb1897fab48cb866588311af561d80a3c"
"tilapia","Tilapia fillet","Fish and shellfish","Fridge","images/tilapia.webp","320","320","11302","171ceae1b608c84503293212543114376fc913986f191d369ea2269298573fa4","originals/tilapia.png","1254","1254","1453515","8898989b11f968529f1b93055f8b00fdf47597188a90d01b88d44b2df0fe5325"
"trout","Trout","Fish and shellfish","Fridge","images/trout.webp","320","320","15164","7eaa61f46fa32eca6e79d7ddfa96aa23538f082f857943bb465078f214ebbb6b","originals/trout.png","1254","1254","1285937","90ec49361a0d30c9a54bdecc566f551844325b980104b99fd6eafeac2ca0b0d9"
"mackerel","Mackerel","Fish and shellfish","Fridge","images/mackerel.webp","320","320","12378","63a50ccc30f9f5372d94ab6906f01fa5da7cec4b0edfe9646a03e3c3dacef84e","originals/mackerel.png","1254","1254","1178072","a885e13fffabd254842dbe6eab8dfb8188b67df9e38b898d85648133df47ba73"
"sardine","Sardines","Fish and shellfish","Fridge","images/sardine.webp","320","320","15978","73a7169e40c7a8dc913ba3c4835f3a7c367ad7964b60b733bcd0dd25d65b803a","originals/sardine.png","1254","1254","1353610","cd17e635fb13c553363115c5b2c206b56c3b43e99131ae82e9371958f93e1f56"
"herring","Herring","Fish and shellfish","Fridge","images/herring.webp","320","320","14686","d2abdff8bb4467f547fddc51c0a3b81e2bdc0fff5f6a78a4f6a3ea99c0a8ccb6","originals/herring.png","1254","1254","1289109","37cea6ca31cdc2b9fdfdd752177bfc2e2777f24fce4b86681aa69e67cc5af52a"
"anchovy","Anchovies","Fish and shellfish","Fridge","images/anchovy.webp","320","320","19046","734a9ce13334b28f23fb5b3dde89f57f6930a39d0aeba72181479a8b22271b21","originals/anchovy.png","1254","1254","1695317","5dbd8c5a3a2ae750de2f63d24c1245d87eab07d72d46dbeb6459f8d441ec7dc9"
"sea-bass","Sea bass","Fish and shellfish","Fridge","images/sea-bass.webp","320","320","12340","f7d321e99ad0cb2ea97f62edb4caf0037e12bb49bc03a2e0a95226c43151df6c","originals/sea-bass.png","1254","1254","1170240","d63f4526a41629436cb7b9bad890849fb6c0ad574f89de8755509f69992f478f"
"snapper","Red snapper","Fish and shellfish","Fridge","images/snapper.webp","320","320","15982","c9953890bacde747c11f8445f374cec728da15c3d3e579c2b5fbeaa5d8bff6af","originals/snapper.png","1254","1254","1418253","cbaaadadf18f17d2ccf19054f876b694f1f410076caeab72fa0a9247822b2a2f"
"catfish","Catfish fillet","Fish and shellfish","Fridge","images/catfish.webp","320","320","11398","c00144d1b16b4667910870eb911e72f53863612f4866932a25f726bf4c6213c8","originals/catfish.png","1254","1254","1409070","a197b2612e1a5246e26cdd02cbf3d0bb4390f1501297d93b64802dbe50a5b1d6"
"swordfish","Swordfish steak","Fish and shellfish","Fridge","images/swordfish.webp","320","320","11808","f201c0ef285ccfec83a310c76a857685cbf0fe8ed449e3febc969b2f2999a55e","originals/swordfish.png","1254","1254","1732856","59d8c5629e90822f1bf2c278bd458c6e922b838a1c1f278ca6b7944494296a3c"
"mahi-mahi","Mahi mahi fillet","Fish and shellfish","Fridge","images/mahi-mahi.webp","320","320","8664","2780cb19195825ff29e145e3b11008ea06996c655e4e5090e85a2d69cefba73e","originals/mahi-mahi.png","1254","1254","1183145","ffc7459564f629c8143566dc4ec11f8100cf022a279f9e55036ab1412f838508"
"shrimp","Shrimp","Fish and shellfish","Fridge","images/shrimp.webp","320","320","18694","d2052b04a1b378a8cb4fa21e56fc25f3ab56d613781df53e92160cf8ceef791e","originals/shrimp.png","1254","1254","1728543","46ee4dc43e11b0931c8a2d182c830f3a62ce94c68ef33e8838d4d08bb8031543"
"prawn","Prawns","Fish and shellfish","Fridge","images/prawn.webp","320","320","19364","0935e3cc2da5c33946bdb1e29cb64906eff6c6bddb5d19099f0b8fa9a0c4b4d2","originals/prawn.png","1254","1254","1722519","db2979e9c914d4c3cdc3aaa96174c4a3a07ee3b165923df4ecd97b4916326f4e"
"scallop","Scallops","Fish and shellfish","Fridge","images/scallop.webp","320","320","9070","1672a5e441c0ac804dbaedd58780b6225a154028781edaf68961eca2df9304b2","originals/scallop.png","1254","1254","1166050","ed3d09bf0545e06a5960f43d99dd6cb4468dc9ad58f3c54fb90266b857cffff8"
"mussel","Mussels","Fish and shellfish","Fridge","images/mussel.webp","320","320","17912","876d9eb758bd46fedff4b87a4f773a7910916d3bb77d3585ab1cdc5266dd3039","originals/mussel.png","1254","1254","1599274","e4c0fe2712dac7546eb28ef1012adbe3bb695e40700cc324c99aea60b9099705"
"clam","Clams","Fish and shellfish","Fridge","images/clam.webp","320","320","16956","cf87985077d0fbb98cb5bb3f7c0009e3cfa1c75a877fc2fae639ca372a2fdce2","originals/clam.png","1254","1254","1560592","4cb4a6f4fcee44eb7d892ca7c7355a767d06469aed21883facf9c49b569be26d"
"oyster","Oysters","Fish and shellfish","Fridge","images/oyster.webp","320","320","20842","6c76bf8752f70fd4b3e2c95358dabfbe86a11edd168b6d3e858a5c70d5aff3df","originals/oyster.png","1254","1254","1975409","d7d5c42611bf233f1dda3a86a7141e20a49f85d3ba0b16708b6b2674bbe0bfcf"
"crab","Crab","Fish and shellfish","Fridge","images/crab.webp","320","320","20518","90c471521b7a4b6c3f0fd08c101ac637002faf71652e1dc0cc3a80b80ebcdc59","originals/crab.png","1254","1254","1656984","2df5cdb14cd2e1d2e32bd2eca5acc040f3f0f94487a8142d2f4852cac9d3c75b"
"lobster","Lobster","Fish and shellfish","Fridge","images/lobster.webp","320","320","20248","f6668e5653cf406c661e7522144b0be61cd3055fdaf4ef1fffa08b79e440fb0c","originals/lobster.png","1254","1254","1547322","1017c29a4d1f15633f2f5ffe20c10ff0606f08b4203b751d4557ef801a5e88e4"
"squid","Squid","Fish and shellfish","Fridge","images/squid.webp","320","320","16460","ea9c886343911c1f8c0ff828145543c1efc4da8973c18fba4b4a48e799b71f10","originals/squid.png","1254","1254","1378894","01c8caa3c8b19d01b4fdc05a4e01f740098a2cf757f3e2e73a301e11641c3178"
"octopus","Octopus","Fish and shellfish","Fridge","images/octopus.webp","320","320","22550","2ad2af353f9a356e583c1b390a0759e811844da739d21b146ea298a13d77e0fe","originals/octopus.png","1254","1254","2067562","47024040b2685fdf54642fd131647c496a8270263d93ee4e61f85a0e1e69548d"
"egg","Eggs","Dairy and eggs","Fridge","images/egg.webp","320","320","7722","be788a62bdc176ba521558438afd4df8cd471e1706eeec538178464e9e655931","originals/egg.png","1254","1254","1214958","32fd035418f83af69d2437b4fef55c4112cbde16d896ab3dda041f9e32876872"
"quail-egg","Quail eggs","Dairy and eggs","Fridge","images/quail-egg.webp","320","320","21102","2879a7c5f3b852d9b22610705d25e3158d9a9ffbeb8338be40b0e45aa13578a6","originals/quail-egg.png","1254","1254","1680848","1424e05f5554d5cf720bcc2af599a534e93859663a1da7ccdb96b16ef4c71139"
"duck-egg","Duck eggs","Dairy and eggs","Fridge","images/duck-egg.webp","320","320","10936","84445a67465a0c72837a5a8300c13e5ac931a79ade1a953b924192b43c46ac1f","originals/duck-egg.png","1254","1254","1116269","a9ab7e41b9dacfd8a1ea782ccc7ce74d258322e30a0ae982c653b8ef3451536d"
"milk","Milk","Dairy and eggs","Fridge","images/milk.webp","320","320","3988","1038a4327b45ac1a7fea0232ea05afe6c6dbb1b16ea296306c9c4e8eb2a2aeb8","originals/milk.png","1254","1254","597816","8395e2195e72f695bc1f6b09dbbab84d4f4a58f06b8cffabcb0d02a3aba5b87d"
"skim-milk","Skim milk","Dairy and eggs","Fridge","images/skim-milk.webp","320","320","5182","084c155fa205556043ff4e1c1791c2ca6fcb2844e0f663ead313d2c29640967e","originals/skim-milk.png","1254","1254","670885","4edda3edf14dedf041368d1efb3785674a5ca44712f527b8d84009a02c298e70"
"goat-milk","Goat milk","Dairy and eggs","Fridge","images/goat-milk.webp","320","320","7206","4915d67c6c64739e8d510201e447119300afc0caa3d36986a283c1b2bf422abe","originals/goat-milk.png","1254","1254","832114","82f1009d05da380d8c37a65cf6730be4c95dae4314250b8bc7449192e0a93bd2"
"buttermilk","Buttermilk","Dairy and eggs","Fridge","images/buttermilk.webp","320","320","6244","c084c6551c2d87377215abcd91e358583b6f00b57f1ddf701cc5acaf066d4379","originals/buttermilk.png","1254","1254","863933","263df427a86ea39fc463b7aa7e4572597a2faed99d01db157c5522728c332099"
"cream","Heavy cream","Dairy and eggs","Fridge","images/cream.webp","320","320","9004","646e5cc048c90b842367d3af32896f2920b0455243933e6e2d83ce7b3f8490c9","originals/cream.png","1254","1254","1100493","f0943bd0ec8c662eb239394a30d9bb64e1fc500f99036947f18179ff5cc7b017"
"half-and-half","Half and half","Dairy and eggs","Fridge","images/half-and-half.webp","320","320","9558","ba76aea0208dff7847d9875ff44679f0a4afea2f1b1ff79d95a81f00f6daa7d6","originals/half-and-half.png","1254","1254","926666","beaabf9317223b5903a9ea104625ac6eb904fb4bd34e99dc652c773977bdbe6c"
"butter","Butter","Dairy and eggs","Fridge","images/butter.webp","320","320","7322","7496919b21abb3855b548e0e837572a3db79c832e807f2108d15093af065315c","originals/butter.png","1254","1254","1059037","aade52f4c0bd2571baf58401645ab6122a5f8977c71d85078839a7ea6d6f7311"
"ghee","Ghee","Dairy and eggs","Fridge","images/ghee.webp","320","320","13706","7d11a3fa8ca877c3e69b36370758bdb83467821772bb784be654f1cfdfd2cdf2","originals/ghee.png","1254","1254","1285368","60b6ec299c009a83c959f91e6acb2ae4943354dd190404651f345a24f01a9921"
"yogurt","Plain yogurt","Dairy and eggs","Fridge","images/yogurt.webp","320","320","8242","c359d6bfba6780a47146bbf389f39f5bc88f965a37e45d08337bb483fa160062","originals/yogurt.png","1254","1254","938550","fc93c4df67ab81b65f8b786163ef5fd4f94d4bae50cd2d8c9c7ce16f5371aeb7"
"greek-yogurt","Greek yogurt","Dairy and eggs","Fridge","images/greek-yogurt.webp","320","320","9346","76aa3bdc0d713755d0342b8fb23d8d3214623b91e3b922ad637caac8f80917b7","originals/greek-yogurt.png","1254","1254","1233081","79d9e9bd6e3888b3c314e82776b92b0635a278561c2f3854e58c3d6cf88f9ae7"
"sour-cream","Sour cream","Dairy and eggs","Fridge","images/sour-cream.webp","320","320","10238","f2c6f5dbebdb2e2780b69e4d4c79cca9ed932d68af3f629feea19f6b7f3fa431","originals/sour-cream.png","1254","1254","1147328","425cf4d4d4f0225b00eebb1114999a681849a4afbedca367800d9a9789234b59"
"creme-fraiche","Crème fraîche","Dairy and eggs","Fridge","images/creme-fraiche.webp","320","320","9866","0b09a7ff9b7a987fb092e3edfd57f479a8d2f4cc2fc410aef2a334eb01798923","originals/creme-fraiche.png","1254","1254","1169999","3136fca4621765b5a7268fc408467dbd618446d9ea7534929ea4f4af7055d0ea"
"cream-cheese","Cream cheese","Dairy and eggs","Fridge","images/cream-cheese.webp","320","320","9216","0bd05474019d9579039df042e0b3133a3760a3e0faba113465debce40d123ba8","originals/cream-cheese.png","1254","1254","1178208","9ca14c121de3e19154a82cf99923a2abe344545473da27db2fd4164774926cb3"
"cottage-cheese","Cottage cheese","Dairy and eggs","Fridge","images/cottage-cheese.webp","320","320","10188","b9d987f3c0fc51ac6c29b71c6a53890b2a09120a73a1d2a79f81d428ffdb028e","originals/cottage-cheese.png","1254","1254","1111397","7def82a3415dd539e180910f5edafc35320274e97d9037ded839bc1355c57947"
"ricotta","Ricotta","Dairy and eggs","Fridge","images/ricotta.webp","320","320","13172","576fd59500b9445105851a163f5b9758ecdba2c4474cc7460b3c24d1efc35e10","originals/ricotta.png","1254","1254","1393637","1c5c1ecc4435b98ff99db4f6c12e14cbbc67660cc24465dbb144f51318db215f"
"mascarpone","Mascarpone","Dairy and eggs","Fridge","images/mascarpone.webp","320","320","12574","4224cf1637917fa0b1110c30638d7960e4df16a82d2e2a53abd1d7ed5e4f5fc5","originals/mascarpone.png","1254","1254","1600725","a0ae7d61a173ee0bfea4e6402bb3b7faea074ca0a92ea29d5f0b790af194eaca"
"cheese","Cheddar cheese","Dairy and eggs","Fridge","images/cheese.webp","320","320","10548","f57cccf54c97807fc8abe7e7858477bce9911d2ba8821b345ebc1fa77366a0b4","originals/cheese.png","1254","1254","1226568","be29b433f9b6fab6989e93794fac42768057dbc4bd2e0017b6e86009dc3282fa"
"mozzarella","Mozzarella","Dairy and eggs","Fridge","images/mozzarella.webp","320","320","10558","a21ab3144bb76338c7db991f9559c456ad07b12b22839928a211803f33c9f06d","originals/mozzarella.png","1254","1254","1326748","84d2aa1156ce7315fe7dcdc93358f52762a33faae1938e518c77afe936a04f06"
"parmesan","Parmesan","Dairy and eggs","Fridge","images/parmesan.webp","320","320","15972","149b0ec4a3ae938f5ab846e5676b283a095d7442a1893fe0e36f2b4fda1cb09d","originals/parmesan.png","1254","1254","1550882","24f4a21640d0f98f244a2655f2d57fea8833bccf6f5b5c9e12061c9e24b79e26"
"feta","Feta","Dairy and eggs","Fridge","images/feta.webp","320","320","12698","0277be6f6600127e270c3942a8609ea6acb65761ca25a1fef24d2cb66278dd9d","originals/feta.png","1254","1254","1318898","3ecd8913794b86622438eb8fa49fcc997d8cc1092626bd0f3fd68be5d7ef9198"
"goat-cheese","Goat cheese","Dairy and eggs","Fridge","images/goat-cheese.webp","320","320","10780","0beb343829d20b9ecf1efd9075e331964a356800bb5cd4de3deb139760b54105","originals/goat-cheese.png","1254","1254","1130947","5b0d32ff490ebcc1e1d557ba855339749e4dca870ffdc24481ddb07446c32e21"
"brie","Brie","Dairy and eggs","Fridge","images/brie.webp","320","320","11300","b0678dfcfa090f63a9e24a80ea8c73353958c0b8476939cc4a0a76744efe97c4","originals/brie.png","1254","1254","1305776","3c0fbbcf176b9112948cb7cdb8bc6af1bb5c7cd36e17379d9ae3225bd8c47319"
"blue-cheese","Blue cheese","Dairy and eggs","Fridge","images/blue-cheese.webp","320","320","16368","3344c892556d9fd922d5b774cc99bf6d51e2bbbbc42375ec4036efdb1e8f9361","originals/blue-cheese.png","1254","1254","1521488","b8700b06c71a4139ee52d7ef1aef7756b93e73bc5c8cf5e314dc68e4de3fdcaa"
"tofu","Firm tofu","Plant proteins and dairy alternatives","Fridge","images/tofu.webp","320","320","8912","1883b7be5ff222f1dd8cd406cb595c84e56419e6ab46aae375976047b858aeb4","originals/tofu.png","1254","1254","1240876","9ddd2708e249166e870cf3bd348acf4c7564c6d346e6dfbb574f31b330c933de"
"silken-tofu","Silken tofu","Plant proteins and dairy alternatives","Fridge","images/silken-tofu.webp","320","320","6852","cb54c39a0895e5269547825ed00245a2949049e95b1c373dcda915f3153df35a","originals/silken-tofu.png","1254","1254","993613","d2068f37654b13952a1acae5f89fbbdfed16502f887784a9b0e2cd147d071939"
"smoked-tofu","Smoked tofu","Plant proteins and dairy alternatives","Fridge","images/smoked-tofu.webp","320","320","15532","98632b5624b2d326cc884669c71da96c45ad1beb25ac88179c98b8adc8709bb1","originals/smoked-tofu.png","1254","1254","1505973","3af150a14370cf26c1760cb44f0f446948e4612f8fdf25a0bded10e12ac78210"
"tofu-puff","Tofu puffs","Plant proteins and dairy alternatives","Fridge","images/tofu-puff.webp","320","320","17178","0e780874ca8418d88b3efbf6fbd5ebec173ac76cf601fc9cec9d35b2feababe1","originals/tofu-puff.png","1254","1254","1695794","35ab0206d3751f2fe62b336396bd4bb7e010c52b75a443777c6099112ee90eef"
"dried-tofu-skin","Dried tofu skin","Plant proteins and dairy alternatives","Pantry","images/dried-tofu-skin.webp","320","320","14712","6279dc94767d27db39420599f068da9272c5e0092bddbf5fe01aaf1a8a77b8e7","originals/dried-tofu-skin.png","1254","1254","1284995","3fc9e6b61e7d74824302a9c3b4f915e669b1c98ea896c301fb6e344adcbfee36"
"tempeh","Tempeh","Plant proteins and dairy alternatives","Fridge","images/tempeh.webp","320","320","16366","245b44ef4288890977f17223bd3305c85cdca6467512306928618872ca31ddfe","originals/tempeh.png","1254","1254","1556095","e3f7646637bb870921738f7f52b94620f796b894ee62a63baac1ac58b42e1c79"
"seitan","Seitan","Plant proteins and dairy alternatives","Fridge","images/seitan.webp","320","320","19474","7547afd62aa774b344febfb688922a8699784e4fad17bdec4c91d2da38d55e11","originals/seitan.png","1254","1254","1952167","0cc4b112205d02c6e97412b80cdc23bc4685c0096c0cd5b8f6e95462499c4e66"
"textured-soy-protein","Textured soy protein","Plant proteins and dairy alternatives","Pantry","images/textured-soy-protein.webp","320","320","17870","bc59f3b78e8e1a2bc474aca56a24c07b9892653a5a9a63cd1c4fc5ed5009673e","originals/textured-soy-protein.png","1254","1254","1625692","c1cd1d9771448d76eb7ef2033e935be6d23f92615590e507d1d9c618baa4f5f5"
"soy-curls","Soy curls","Plant proteins and dairy alternatives","Pantry","images/soy-curls.webp","320","320","20354","d557c0d0b877906db01eec738f3a75cf88f52a8e361e519e7b2ed8c41d43cfd5","originals/soy-curls.png","1254","1254","1698530","dfc20c1bacfb9984bc1a2fea2f518499c5e3d26fba9051e5fb6ee0fbce43f8ee"
"vegan-chicken","Plant based chicken pieces","Plant proteins and dairy alternatives","Fridge","images/vegan-chicken.webp","320","320","16824","4dc61107d9981d45ba1c5b7fb1de7821d9af671936d999eaf7b98ad571172e1b","originals/vegan-chicken.png","1254","1254","1573487","80efa3c825217e5e3881dd172707bcbe8914e6de45d858ead5e7716765c704ce"
"vegan-mince","Plant based mince","Plant proteins and dairy alternatives","Fridge","images/vegan-mince.webp","320","320","18432","0cd6d35ce6b3df7b1f267c33b8cd544c0369571d6ecfbdce18cad0d2ceecbad5","originals/vegan-mince.png","1254","1254","1511523","6ce883bd71a76fceceaa85a219a2f19914c8eddcda3f57647d3c04bdbfde441f"
"vegan-sausage","Plant based sausage","Plant proteins and dairy alternatives","Fridge","images/vegan-sausage.webp","320","320","20076","13c8e59c19443ed10978c2525298b10ae5162b11fb0bedfabc11cf7db2b2119e","originals/vegan-sausage.png","1254","1254","1784511","2d145003ee38f3f2adf676f1bbbb957559dd5237d3f4138ef46bdf437a831d53"
"vegan-burger","Plant based burger patty","Plant proteins and dairy alternatives","Fridge","images/vegan-burger.webp","320","320","24382","dd8e90275b35adef294e5a0d4453f73f65bfbdb787ad8bc09b94b36bb446e5b1","originals/vegan-burger.png","1254","1254","1867993","1f1e935b55d46027bb9b0734272c83861635cd1a73e8929fddfc4ed03a899d19"
"oat-milk","Oat milk","Plant proteins and dairy alternatives","Fridge","images/oat-milk.webp","320","320","16798","305fe1b6a868fde0a5483caa42f8653be6361133cb0cd4178e3655924a2d0172","originals/oat-milk.png","1254","1254","1355206","6118832bf68422d9e98a98cd184bd3549c8425a0530867030f2b1ca514545ca7"
"soy-milk","Soy milk","Plant proteins and dairy alternatives","Fridge","images/soy-milk.webp","320","320","11114","85dc1a4cfcbef2d195d32c96ab39ae87a3ac71296fec6ccbb0df9bec06b3e863","originals/soy-milk.png","1254","1254","1048700","0f02c4b83bbaae67ca7ad1028195b98ca57f21ecc488232fb278f42ec05aec88"
"almond-milk","Almond milk","Plant proteins and dairy alternatives","Fridge","images/almond-milk.webp","320","320","9722","60f523dbd27bb9308fc88cb3718662b38fb1b69bdad0efc138f71933a7a502dc","originals/almond-milk.png","1254","1254","1042699","ae09e4930d0c61aec94635a0881f3d3a176245d27a618091b12ec6f702f038ee"
"coconut-milk","Coconut milk","Plant proteins and dairy alternatives","Fridge","images/coconut-milk.webp","320","320","13856","bc9e142e599601fd36cfb09c903b90e20089a42f034adb392cae505c36868b0f","originals/coconut-milk.png","1254","1254","1517313","69f7318a98cec25cf2acda241c027d801a877676d0934a17d3dddacbd0e048d4"
"coconut-cream","Coconut cream","Plant proteins and dairy alternatives","Fridge","images/coconut-cream.webp","320","320","17254","7abb6989ef0b4dea5bf16617433c52f845323c8fc31abbb9b62ab9be8e8e843d","originals/coconut-cream.png","1254","1254","1739144","d8136b93e91a918e97473780b9f16f9c027bf9d5ac45c30cccc84a3678b647ed"
"cashew-milk","Cashew milk","Plant proteins and dairy alternatives","Fridge","images/cashew-milk.webp","320","320","10588","8f4865e7e41eb1c6690fdfdd567da691866f2d7c73f5180d95b3b4f1449e7de5","originals/cashew-milk.png","1254","1254","1119496","ec23c3abfc40dde64798097c60c95f310f9da60978969c3e06f3e14c0b3f3a99"
"rice-milk","Rice milk","Plant proteins and dairy alternatives","Fridge","images/rice-milk.webp","320","320","11188","9f63d35420dceeb3e6ef0e2333a469f3b9b3944489d6c1d0bc2a6cf9d1a8842c","originals/rice-milk.png","1254","1254","1162142","8ab330df4e3f8735f9be861446c4eb5edf452d69f456c73dd4f49c74a919de12"
"hemp-milk","Hemp milk","Plant proteins and dairy alternatives","Fridge","images/hemp-milk.webp","320","320","12082","111f35b5d2f5d356e1233b686757a68165f00aaff4c46f5897144f000cb3a150","originals/hemp-milk.png","1254","1254","1101364","6e0a79067d210f918c8802b77cce2358942dd186c4eed3d8c546e3906e6d1de2"
"pea-milk","Pea milk","Plant proteins and dairy alternatives","Fridge","images/pea-milk.webp","320","320","9870","87756398858e1ae783d85e580e1f7fb5d140f3b3329f1462ed841597b95fd184","originals/pea-milk.png","1254","1254","969432","0be7cf4c0159ed812b0cf59d97ff4616171d0196ea1bf4086be4e5b6c0a700d9"
"coconut-yogurt","Coconut yogurt","Plant proteins and dairy alternatives","Fridge","images/coconut-yogurt.webp","320","320","12266","b1779bc7d8a14ae97e9607a9f46d967715a130d37e6f2f2e4893768e6d575eb7","originals/coconut-yogurt.png","1254","1254","1331426","c76e0007efc7b3f81e966564beaf9e07ab568fc49237f56089f7c2ae751c1a88"
"soy-yogurt","Soy yogurt","Plant proteins and dairy alternatives","Fridge","images/soy-yogurt.webp","320","320","9838","ff7f341faf98bda5adca53fac55677a9ecfc766f56b0074c300d657d84c0bae3","originals/soy-yogurt.png","1254","1254","1139871","bbe0de2c7cf747c5820a533449a703845540779d2ff9004c31a9d749e885faa5"
"vegan-butter","Plant based butter","Plant proteins and dairy alternatives","Fridge","images/vegan-butter.webp","320","320","10670","d94095787aac03338b5b3ebfea654b5ddffe4c954ce29842c392bfc614c56ab9","originals/vegan-butter.png","1254","1254","1277862","11cdb96b8244bd3d5ea2ad9a90a78d77a08fe25be70d8457137ff8bd09a78a3a"
"vegan-cheese","Plant based cheese","Plant proteins and dairy alternatives","Fridge","images/vegan-cheese.webp","320","320","13244","e221726084e3d8c1cd5edf80b4434df5db9423d00bc0d2a4a9d08d4e3f929350","originals/vegan-cheese.png","1254","1254","1428846","b2fb53184a419559b5bfd56b18cc6586d54cd3e75d722245da20821899ab0434"
"soy","Soy sauce","Sauces and condiments","Pantry","images/soy.webp","320","320","7614","e9339f576aae844b630f2d1219aabdaab6c625f3fa6a6d9813e991f9076a2789","originals/soy.png","1254","1254","781444","a4b3aa15ab99ffd5b055b697ba569693ebf7fe2abb7dd7cf5b03d8381ed65efd"
"tamari","Tamari","Sauces and condiments","Pantry","images/tamari.webp","320","320","12596","7f6c9620cfd7ad06257699da5b64b1d44765bfa6501e7a4234dffd00972c1461","originals/tamari.png","1254","1254","993136","9a7aaccf12e3c8945b1909e3cc1d81c2061a6cd35285c46d7ba60fb7a317a94f"
"fish-sauce","Fish sauce","Sauces and condiments","Pantry","images/fish-sauce.webp","320","320","8820","3e897bd32ed486b6b7fa264877d2c28cee227d46b0f78916d1da5a4d7ac71aff","originals/fish-sauce.png","1254","1254","667474","67ca7e9c9ece09fede2284eef3bc149db9e757d1002350375e65d0a52af96462"
"oyster-sauce","Oyster sauce","Sauces and condiments","Pantry","images/oyster-sauce.webp","320","320","15158","8990439a1ffbf0e532638a0788c283a8fe7fece4ac607e2d97873543afbf1e9b","originals/oyster-sauce.png","1254","1254","1338410","d0466856fb91ae24a000ab5a9211180683c436359f62377f6f04edb689a92511"
"hoisin","Hoisin sauce","Sauces and condiments","Pantry","images/hoisin.webp","320","320","9178","4856894fd16b59a48f39e390e091113b8c5cc737694e0d63abebc7aa0ef09f2c","originals/hoisin.png","1254","1254","875715","5b1c217b6436f00c4969bc69797b9219ed31dd8601b060d900d266f879baf032"
"teriyaki","Teriyaki sauce","Sauces and condiments","Pantry","images/teriyaki.webp","320","320","11208","2963e773d72821946c005c90a80417d4292f9097ca63431ec0e53429af58985b","originals/teriyaki.png","1254","1254","938212","9c31f94f01649da272727b93482be1b72f63aba6516011f629c63e02cab58eb2"
"sriracha","Sriracha","Sauces and condiments","Pantry","images/sriracha.webp","320","320","6484","767a2f700ba64d9bb23918d4bc369a88257e3e5b556fa7f430d46ed420551053","originals/sriracha.png","1254","1254","728548","7c5962745a78a4867b1198018b2f52fcf60aeb0aca9cac042f69a3d5c2805924"
"chili-crisp","Chili crisp","Sauces and condiments","Pantry","images/chili-crisp.webp","320","320","29832","1831765941551aeb4df0c340b7c4b7d431fd2578a0778ac08dc0ab8feb1bfada","originals/chili-crisp.png","1254","1254","1745546","17be1ae756bda3142837a6cb4c851a1ecbb818f11edd32c415830b68ac8f5a30"
"sambal","Sambal oelek","Sauces and condiments","Pantry","images/sambal.webp","320","320","24782","a692d19131921655dab4b5e4e0f7a984b99b8e8dd126614f0481a50f523e6e1f","originals/sambal.png","1254","1254","1543134","e8e663910662df0e2104790e6a23913cb9243a62ce59123d6540745d1470953e"
"gochujang","Gochujang","Sauces and condiments","Pantry","images/gochujang.webp","320","320","18592","1a70080f6a5608b68c8a05e4b99c4922f0ae896bbe2432c9c135eeefbd993c53","originals/gochujang.png","1254","1254","1599390","daef30a2cdc7b8d585a39556addd7d21100000ad5ea021011e0421d4fb5554a1"
"miso","White miso","Sauces and condiments","Pantry","images/miso.webp","320","320","13932","77cc8712102d24752348a34459edb8674d40ed2dc5cf6cce373fe5c12fa2fad8","originals/miso.png","1254","1254","1358052","7a698003b0a8687d9ed56e6bc2a528e8301ecb59074f15aff5d4be85a5cf3fff"
"red-miso","Red miso","Sauces and condiments","Pantry","images/red-miso.webp","320","320","22648","a245eed95a58d1807f1fd33456a3c0ba5571c7dd7b71663665403b6d9bf3461a","originals/red-miso.png","1254","1254","1582659","dfe40745509f8409a5c66808170bc9d10ba0f5fa196ce635c23fae1353a0e365"
"doubanjiang","Doubanjiang","Sauces and condiments","Pantry","images/doubanjiang.webp","320","320","19646","ea19e76a6f9b45fb7c60c733afd82c0ce73e871891ce95046436d1dc117a7da6","originals/doubanjiang.png","1254","1254","1476461","a4cd2cc8a4caab7ff2b6243b4ec86a101dd90acdd5e0df8aff64c41d212c1b49"
"black-bean-sauce","Black bean sauce","Sauces and condiments","Pantry","images/black-bean-sauce.webp","320","320","20084","95295b641b6094ac03a3d4b6a2b8bf18c583b8855ef744113bfcb8fdc1e7b8dd","originals/black-bean-sauce.png","1254","1254","1336848","22aa33c04d0902c79c05afcdf710948a79230a16abea80f97423c59014c9a197"
"ketchup","Ketchup","Sauces and condiments","Pantry","images/ketchup.webp","320","320","11450","cbc36c502e750b87de4f0f4e41c8aff6ebccf72a4b4a46695928d6291fd06983","originals/ketchup.png","1254","1254","939678","9a48a1880fecfd34c5412ef0c97878245facd40b3935afe8801cd8013b3ce0c4"
"mayonnaise","Mayonnaise","Sauces and condiments","Pantry","images/mayonnaise.webp","320","320","9250","d9a281cd2acaa9d6e69984ab4e10817f48f767e871a46d678141bc09765838d2","originals/mayonnaise.png","1254","1254","916626","f526b2c31e332da5a31831369400835c7a13ad543c351d2a9c045151c25b7a74"
"dijon-mustard","Dijon mustard","Sauces and condiments","Pantry","images/dijon-mustard.webp","320","320","20568","dbf352e38a93c2c77ee7da5416b0b87275b23b5fc01f81916b20129ec47aa35f","originals/dijon-mustard.png","1254","1254","1534550","efd4610760faa23ca140f966a9b8cc66f1d04e3c8fd3e66946d7dcab19aba348"
"yellow-mustard","Yellow mustard","Sauces and condiments","Pantry","images/yellow-mustard.webp","320","320","8668","544638f06046ec32f435ba94cc6b96978e2d28f42abbab15326dfd71bbd9101f","originals/yellow-mustard.png","1254","1254","896952","b036024561899a102025198b7b27ed50975558c68780c855dbd892479cc6f459"
"wholegrain-mustard","Wholegrain mustard","Sauces and condiments","Pantry","images/wholegrain-mustard.webp","320","320","24706","bda46656ade3b80dfada70905f23ad410b34da70f2cb7133bbe43f5e04a09bd7","originals/wholegrain-mustard.png","1254","1254","1507721","284dc4aed1f62ac1662cad2548711c3590603add42fe6efc453b2339d3164386"
"worcestershire","Worcestershire sauce","Sauces and condiments","Pantry","images/worcestershire.webp","320","320","7406","9e813c4613a38f116227beb14cd66b40bb0830df17c55c8887069b080a7fe803","originals/worcestershire.png","1254","1254","726145","46cde3d1bfe4daab3982567f63fc841d0e7cb0f8506185b1b2effbe187877be2"
"hot-sauce","Hot sauce","Sauces and condiments","Pantry","images/hot-sauce.webp","320","320","12236","6559ccbba71824ef7092080b33e669ece620e78ea327c9171fe07b0b76139ae5","originals/hot-sauce.png","1254","1254","931460","7e15aa4f06f9f23af30460f7d851cf21aa587e175a75ada88904ff40a8edf8ab"
"barbecue-sauce","Barbecue sauce","Sauces and condiments","Pantry","images/barbecue-sauce.webp","320","320","16310","fc39d09ca235658c9f256539125f389caa93a84b27f383ad491b8bed762134ca","originals/barbecue-sauce.png","1254","1254","1239990","131c8a22f327c36f47680f5d432386bdf126a123e825020156af0019a3fe5948"
"pesto","Basil pesto","Sauces and condiments","Pantry","images/pesto.webp","320","320","20102","784a198b427673419f74cdd5520074764f23fbefa91bbcebb22b394150546a70","originals/pesto.png","1254","1254","1770672","2f2bcd45fbc70fb79a17cd759b4170fc7b69ffdc92a580dc0488c284205ef7aa"
"harissa","Harissa","Sauces and condiments","Pantry","images/harissa.webp","320","320","21728","77913bc8124d180ffc94130501123f1edfe01198bc4aaac7c4da8da63635d093","originals/harissa.png","1254","1254","1751639","160cbee59f66082436ab54672a191209006866ba2f10d0513c2702702204d0fb"
"tapenade","Olive tapenade","Sauces and condiments","Pantry","images/tapenade.webp","320","320","18830","e0f66b31eb3c8a4ccc8f8cf0ad663680c6d765520724955c046af962e436de35","originals/tapenade.png","1254","1254","1562632","f5abef8f99a94883274c7cad4adb789e4e6232d3119bbb67c50f5f84f828cb95"
"tomato-paste","Tomato paste","Sauces and condiments","Pantry","images/tomato-paste.webp","320","320","16538","0291e9004f9487c96bf4e41c15d75add8ced2dd9d5920e276c600c06d17eb7ce","originals/tomato-paste.png","1254","1254","1492849","cf5f6f7e6012d2e61abbefdadb2fe2bdef3393d18b4936631dc9f5a2a7beb20e"
"oil","Olive oil","Oils vinegars and preserved foods","Pantry","images/oil.webp","320","320","11640","a36358ffa207dcf72de62de3f336cae0b8615ca73838e7510321ef654c35ecd3","originals/oil.png","1254","1254","974675","7a1f12f6a1bd21e393ae7bb2798c4a79007e85450fd9e73cdf787074366b2c16"
"avocado-oil","Avocado oil","Oils vinegars and preserved foods","Pantry","images/avocado-oil.webp","320","320","17786","344cc46b9991b39c3a18e24bd3c16e14fa8284409ce3211fefb532cd6dd9c617","originals/avocado-oil.png","1254","1254","1407222","cac616bf1f558e5ee24698eb9fc44b630300e8fb3373628741426429dc5e0166"
"canola-oil","Canola oil","Oils vinegars and preserved foods","Pantry","images/canola-oil.webp","320","320","18984","96448c38f1215b40e5122ad29ee91063129d48e906a415bb952376dadda24877","originals/canola-oil.png","1254","1254","1353277","a36c19062ba3a41e3ddd7c1c33d3bb527e0738db7506a13de2943eb18c1a4037"
"sunflower-oil","Sunflower oil","Oils vinegars and preserved foods","Pantry","images/sunflower-oil.webp","320","320","17840","ac417b6321646b34cdaabe8a412d6474f245a64d0d476c30af91bb59ea1888f4","originals/sunflower-oil.png","1254","1254","1310998","0f98b559a5d1d5e6aa367e28af196740ea69e3e5f8cc190377bbd9e92369dc0f"
"sesame-oil","Toasted sesame oil","Oils vinegars and preserved foods","Pantry","images/sesame-oil.webp","320","320","14288","3fe74581d45b725fe44e830bb2bb8c3aa0d32c4047e0e360d89232d98a1d41d9","originals/sesame-oil.png","1254","1254","1154494","8a0e6cfdc7dc8d71a0d53d8d267519d9f727007683f3e74368a2305ac36cff6b"
"coconut-oil","Coconut oil","Oils vinegars and preserved foods","Pantry","images/coconut-oil.webp","320","320","14308","523cff803251f63d2e2409e3b85afab33fc35e2492048acfed2fbb3915b98927","originals/coconut-oil.png","1254","1254","1348194","371031941db612ab82256979498e5b85f4241854060553e3cc296c65dde5747a"
"peanut-oil","Peanut oil","Oils vinegars and preserved foods","Pantry","images/peanut-oil.webp","320","320","16704","aa5d776355ad48e7494289c7fef9b3a6f4d2117a68e245f3daf94ed8614911e0","originals/peanut-oil.png","1254","1254","1198581","010cd2ae50ea70f1911b7329dc9648ad8026145cea6e75026b7c2139bb8ade89"
"grapeseed-oil","Grapeseed oil","Oils vinegars and preserved foods","Pantry","images/grapeseed-oil.webp","320","320","19104","95c21ea9036eb380229a6bfa0c522d49f049df96b5dd39d16b6e5acf6b816763","originals/grapeseed-oil.png","1254","1254","1602035","20f3006e2961b2bf15d6f225545b17121a1828dc63625e49d71d2ff5917c4a29"
"walnut-oil","Walnut oil","Oils vinegars and preserved foods","Pantry","images/walnut-oil.webp","320","320","16010","2211a618fb68048174a9a0c63b5b87496e0eff9befa6f26ac9550c538e2f3b79","originals/walnut-oil.png","1254","1254","1346163","1de4f278db91274feeb70574ad7083202ab95be9f925006a472a6ea15cf9fba6"
"rice-bran-oil","Rice bran oil","Oils vinegars and preserved foods","Pantry","images/rice-bran-oil.webp","320","320","22530","5232316e29e27c302a05de8f62c4fefa6ebaa2bf18eb82c6f3b4265b3c1645ba","originals/rice-bran-oil.png","1254","1254","1556102","5d22514c1782bced6e2d09c9c61117a51091b77e49db82a9e5f845068e39d3d0"
"balsamic-vinegar","Balsamic vinegar","Oils vinegars and preserved foods","Pantry","images/balsamic-vinegar.webp","320","320","15316","51b5fde9052171516e7e4053e3d87f2baf39442b261ccc2dd29a60d4a3937fef","originals/balsamic-vinegar.png","1254","1254","1349379","3fa86140ef1909f974af7735bc286ca4ed5f93fe52a72dc4b64c438a36dc5486"
"apple-cider-vinegar","Apple cider vinegar","Oils vinegars and preserved foods","Pantry","images/apple-cider-vinegar.webp","320","320","15832","bc8915bf3d6f969a374158599402549e2f9ba1293ba7cce51a5e99caea21ee42","originals/apple-cider-vinegar.png","1254","1254","1439072","53876bfb590a2d0058cfe4ea0697dab6333c8c427bfd35a0a274e693f985e9d6"
"white-vinegar","White vinegar","Oils vinegars and preserved foods","Pantry","images/white-vinegar.webp","320","320","8574","2ae33a8ec65672bac75baee3d6b39e5fba38364e250254c73d47ec4909f751b7","originals/white-vinegar.png","1254","1254","966924","e44e204b50115922a6432f02efd59644da54ccd62e8ae6c3b7811f5cc77f1557"
"red-wine-vinegar","Red wine vinegar","Oils vinegars and preserved foods","Pantry","images/red-wine-vinegar.webp","320","320","15710","072c818e521f22b24f3e5e209ef88c0422fbb384a4c87447b93080a66373f084","originals/red-wine-vinegar.png","1254","1254","1261408","ee1668bb263cdeb4440802a5a9f4decda8585efab62c6c0336295b61a92e7728"
"rice-vinegar","Rice vinegar","Oils vinegars and preserved foods","Pantry","images/rice-vinegar.webp","320","320","12590","d99383d3d277342375f5490273392a635008d7160f19979daf69ededa9a3b228","originals/rice-vinegar.png","1254","1254","1146760","0cf7b4d7e4c3455695865a39c09ce37a253be445b63523129a7ad99919bfd6c9"
"sherry-vinegar","Sherry vinegar","Oils vinegars and preserved foods","Pantry","images/sherry-vinegar.webp","320","320","15090","97ed9e8f57b50fc6f8af814e9cba22c216f8c2892e8b3f8e51621b7d585a8223","originals/sherry-vinegar.png","1254","1254","1216591","512426ef6133b58f819e97d1cc80ce35c9879ee22bfb774b408f769e566067a8"
"mirin","Mirin","Oils vinegars and preserved foods","Pantry","images/mirin.webp","320","320","12198","aeae306e31f37c8a36bed35d5dc91ccd64d9926664f7f9229aa574afd78347f0","originals/mirin.png","1254","1254","1110426","b8ef2eef07346869bc5d3a8d11884cb81c55b4dc65daf646d90cb2efb0828d9b"
"sake","Cooking sake","Oils vinegars and preserved foods","Pantry","images/sake.webp","320","320","8390","b440085e3243699d5db2b146de011c4ae52d52f9b10fe776a29cbb518c404ec4","originals/sake.png","1254","1254","839911","573786452363bc0ed822d2c78d1c9997175e996deebc5d51553abd15457fba39"
"green-olives","Green olives","Oils vinegars and preserved foods","Pantry","images/green-olives.webp","320","320","13830","4270498a35442b1f3c12453c2c55ebb0ec20c28e6b5827ce937a7dcd7b641e9d","originals/green-olives.png","1254","1254","1543635","51ac7652d7e59b98a8611b03dac125247096b8e282bb0897db168ec7c1d101cd"
"black-olives","Black olives","Oils vinegars and preserved foods","Pantry","images/black-olives.webp","320","320","13700","d74ab1bf65ba7298faa971f3130cb9e88fae39858722aa72fb00d7d8982fa0ff","originals/black-olives.png","1254","1254","1490885","e874cd318d86c980e2aae5eaaa8602c17d6ef5f93b9e9bc1f360d7a557a914f0"
"caper","Capers","Oils vinegars and preserved foods","Pantry","images/caper.webp","320","320","17188","992dc926e81631ac476d5d8eb05250459a96c783b126be750b69ec3653ea4d02","originals/caper.png","1254","1254","1399864","cdb3f3f812fdf999e13cee69bef38466b94cceefcc31eac2bf1fb3bd66147a4d"
"pickled-cucumber","Dill pickles","Oils vinegars and preserved foods","Pantry","images/pickled-cucumber.webp","320","320","19742","229803dec52599b7cb88351cd425f0ffae37c1d9bf35301a111008c2280b1055","originals/pickled-cucumber.png","1254","1254","1813529","419cdc21c7be8bb4efdd7c8470ee668d0a32dfa25a7a5adf1ca16b335907a6fe"
"kimchi","Kimchi","Oils vinegars and preserved foods","Pantry","images/kimchi.webp","320","320","21256","cbac50199a959086878f08f05cf08416d3d8e0656e8f10bbbe28f741894ad494","originals/kimchi.png","1254","1254","1806928","095a4bac53815820b2911dbcb9e0956affb21cd5557c209419479a01c8dd8392"
"sauerkraut","Sauerkraut","Oils vinegars and preserved foods","Pantry","images/sauerkraut.webp","320","320","14838","249476c04ce90b617e0d506afd5c39df51069670d8d737e5b89dc2e94bb66a03","originals/sauerkraut.png","1254","1254","1436063","924e18f90276fb19e6c3b671c558b8440abf16ff69c6eb06b0375a43948e1e0e"
"tuna","Canned tuna, drained","Oils vinegars and preserved foods","Pantry","images/tuna.webp","320","320","17172","ad5b0c08d753905d68768233f0d9a14750eddffa0660adcf91c60dcad641258d","originals/tuna.png","1254","1254","1770900","c29919d57f61606869cde8881072b8b596fb63adffbbe3729acab291e4fb4b4e"
"canned-tomato","Canned tomatoes","Oils vinegars and preserved foods","Pantry","images/canned-tomato.webp","320","320","19674","bbc036aa7109e3b4016d81ce1e5f4bf36222fa0766942f0c853dc0f9b019a1ae","originals/canned-tomato.png","1254","1254","1846478","2dcc07c1b628862fc9e1ac17bcfc27ffcfcd4105e8ed8482e5f0d865a72464c0"
"all-purpose-flour","All purpose flour","Baking sweets and pantry essentials","Pantry","images/all-purpose-flour.webp","320","320","10488","69a9d125658b7322d741da8fcc8b52eec0ad51141e80ab2878264c55a7d2f5e0","originals/all-purpose-flour.png","1254","1254","1227772","2b41df1a4238ed08ce2854d126ed1d06d1377a1cd573484f41892f0f72672624"
"bread-flour","Bread flour","Baking sweets and pantry essentials","Pantry","images/bread-flour.webp","320","320","10848","1f3148cdd930db365a79cad59123701c4e2dcdc32c1a141da1950cad96cc4e13","originals/bread-flour.png","1254","1254","1226718","948a45120930167ee686f8706805113155b2d5da7ac427a91783c9f62721fba4"
"whole-wheat-flour","Whole wheat flour","Baking sweets and pantry essentials","Pantry","images/whole-wheat-flour.webp","320","320","16720","0bada71b86afaf4c8a585c4c4421f0691e88dec443338bab0e019497d4b29584","originals/whole-wheat-flour.png","1254","1254","1572141","cba0a3c72700a31c203e497f3978cd42365fa25771687bd3869369c525c17b1f"
"rice-flour","Rice flour","Baking sweets and pantry essentials","Pantry","images/rice-flour.webp","320","320","9408","fe5b44cdaf2ef3340db2deaf3809f0bf9bdbca7db53a2a532cbf430e4b8630f1","originals/rice-flour.png","1254","1254","1088213","bacad16c3a1df3602c821305fd9f35704a93f75731c4d7131ef0b76f8f548fc1"
"cornmeal","Cornmeal","Baking sweets and pantry essentials","Pantry","images/cornmeal.webp","320","320","16958","4c97c4abc59a356e54227944311c969b76a9f332082e667c297186686ea35c22","originals/cornmeal.png","1254","1254","1505840","0303cd2ac89ef15ecdc1e9f84ddf58530f4c29ef148fd9b62fcc3724d2e6664b"
"cornstarch","Cornstarch","Baking sweets and pantry essentials","Pantry","images/cornstarch.webp","320","320","8694","2c30530305d5e3b6e6d5902149553767f31e2cf727e3d1300cf9d079ac59e6a1","originals/cornstarch.png","1254","1254","1053288","3f07dfc807f0fe7f268d246dae0fee88156118f3c887f950f0801cf971145f73"
"tapioca-starch","Tapioca starch","Baking sweets and pantry essentials","Pantry","images/tapioca-starch.webp","320","320","8360","f901946824586770018f1e31fdd4c0f591fb3f4592af0384951ef2f435697cc1","originals/tapioca-starch.png","1254","1254","1010997","8e679a8c7187c62aadb3d1c4a8857979110c448f1d58836cdd166648f4f45370"
"potato-starch","Potato starch","Baking sweets and pantry essentials","Pantry","images/potato-starch.webp","320","320","13236","dcd1320647808caf2a07d0e9a8834605f66a0308a748c78abf236c1655c365b4","originals/potato-starch.png","1254","1254","1676418","042fb9684ef1447daac105f59a93377fadb72f7008241c1a9ac482038ab70cc6"
"almond-flour","Almond flour","Baking sweets and pantry essentials","Pantry","images/almond-flour.webp","320","320","15256","621f6d7092cb4568af76dc8d9d089d1926a1765391bd4ddb9f4f30893d2fe9c1","originals/almond-flour.png","1254","1254","1392234","f26e95b43d01497e4dfd3c1ffae4f212dd4f71cdda8f32334d425b8234cba958"
"coconut-flour","Coconut flour","Baking sweets and pantry essentials","Pantry","images/coconut-flour.webp","320","320","12432","772dfbbdf7e8b17032697f45829a0d4892e773f6d719065bc060a79503d81b08","originals/coconut-flour.png","1254","1254","1222222","3d990ec0d859aeda271bf175c46ccbe545c6e3f81229dd64c36fb0f8e3573893"
"baking-powder","Baking powder","Baking sweets and pantry essentials","Pantry","images/baking-powder.webp","320","320","7694","99f67efd5024b88ce55cda160d5e619db6fc7a53caf426957dc58e1c71be0f75","originals/baking-powder.png","1254","1254","945835","88f4438a001664edf0726ed5e30d7d37a4b389c18354aee2618832e75fff35f2"
"baking-soda","Baking soda","Baking sweets and pantry essentials","Pantry","images/baking-soda.webp","320","320","7756","9d18f7de083d701f0d66bf387beadb7cadcb68b027ba5279f449d38b776062d4","originals/baking-soda.png","1254","1254","943451","9c417734a7b365b385a3f96fa0c63a9a6d0260d24a7825bcf2bddccddf78a1d3"
"yeast","Dry yeast","Baking sweets and pantry essentials","Pantry","images/yeast.webp","320","320","16556","fafdb2a0e86be2c96e64783d647a2570c75fad1ab371237a720b5b9bcc36d8ca","originals/yeast.png","1254","1254","1082531","b59484e1fc1f0be11ec01e5b96d5bfd0a43bc047abff707ca69e479d2fca29a2"
"gelatin","Gelatin","Baking sweets and pantry essentials","Pantry","images/gelatin.webp","320","320","9916","d10bad5c4e4d3036dcf1285c62ce3f9dca9034a501ce6bfe08f1ef5ced6d9523","originals/gelatin.png","1254","1254","1194467","1e467159c845523890c22a2e0f64e1f3cb4bdcf214fe331c7fbd20fc662858c8"
"agar","Agar powder","Baking sweets and pantry essentials","Pantry","images/agar.webp","320","320","10426","ba6e9fd2ab317588773fe5e90373bbfe7a64626f63f95f8e41fdbfa89d11e6c9","originals/agar.png","1254","1254","1192660","9ecf50f9357a83e33aef95627d3f3755124daf88598f7726892362bedb6066ac"
"granulated-sugar","Granulated sugar","Baking sweets and pantry essentials","Pantry","images/granulated-sugar.webp","320","320","7858","145c4373ab326a392d9abf6aa464d31a6bbbb721de357c7a60ccd592b76a9047","originals/granulated-sugar.png","1254","1254","1060723","d750f3f75da521c69bce0d1e22309adfa6ed720b4a211542e65b5446a9866c51"
"brown-sugar","Brown sugar","Baking sweets and pantry essentials","Pantry","images/brown-sugar.webp","320","320","18400","278cab92533f5ce36e09fba445fcf9653248b44f8a4cf71217f7916d6ada879d","originals/brown-sugar.png","1254","1254","1654704","ac007b12d16e7a73452ef6ff4ab5c904c630ea695561adfb1dc6191eb8c4fe55"
"powdered-sugar","Powdered sugar","Baking sweets and pantry essentials","Pantry","images/powdered-sugar.webp","320","320","9996","8cbafefe13c762c88a6b511bbb6a8f6e36e4e2289951ea3fe37cd3ee473306aa","originals/powdered-sugar.png","1254","1254","1018589","910944babcdc53d4361571802ab0c61721c8b707a093240e8bb9727a7adc47c4"
"honey","Honey","Baking sweets and pantry essentials","Pantry","images/honey.webp","320","320","15052","6b34ed0e660733aa176237e0a70206b891aa2f5e3ea0d92e128385ffd4a48815","originals/honey.png","1254","1254","1194494","3a8f390cbe37882960fe08f6ef255a7f87ed296c37356ecf6aa46f76ef547eec"
"maple-syrup","Maple syrup","Baking sweets and pantry essentials","Pantry","images/maple-syrup.webp","320","320","17634","0c20bf646877f82a35a4413fc96b65c330f628798f54076b98f2ddaa4faadf7c","originals/maple-syrup.png","1254","1254","1391023","abe8cac6af2ad65ef776ef4a6020b340077f8b79534761f8845d400a44b60456"
"molasses","Molasses","Baking sweets and pantry essentials","Pantry","images/molasses.webp","320","320","12418","a38e5c2f5c244b28ba2c40d15d7af75bd256533b6f80f1b229994fccc0317e38","originals/molasses.png","1254","1254","1104567","ae18774ffc87c69afba2e6d7534f18097890188180284f9596e680fb25aa29ca"
"vanilla","Vanilla pods","Baking sweets and pantry essentials","Pantry","images/vanilla.webp","320","320","12740","bc383d3a201b8b9f13a9ddc8e9601472c6a27244dccebb03178644ff2895aced","originals/vanilla.png","1254","1254","1064709","dfca9ec4c3f7a27e82d765727566794395ac0a3e9d22ed141dba259f98c86aee"
"cocoa","Cocoa powder","Baking sweets and pantry essentials","Pantry","images/cocoa.webp","320","320","18882","fd31ab49026e97f04bf050fe0e4b6a6cc2b0897ba1dd562433035948add862df","originals/cocoa.png","1254","1254","1518305","233dd27a692f066d9d1b0d40b1b13fc490b70c00a45da32b8155df5a350efb6f"
"dark-chocolate","Dark chocolate","Baking sweets and pantry essentials","Pantry","images/dark-chocolate.webp","320","320","17878","313b9daed80e9d45fa88a6c9e2b35f6fb226c75b0c292f2af626ad432e77e8db","originals/dark-chocolate.png","1254","1254","1631919","359a2db4d58f6668787f30f8a9965af4064f32a2091a2d37e0bebcb5452fa031"
"sea-salt","Sea salt","Baking sweets and pantry essentials","Pantry","images/sea-salt.webp","320","320","8526","7b072eb5f78623b8bb842ea690c4ef537202c6de89a64875e973528325bb44c4","originals/sea-salt.png","1254","1254","1083812","6dc53800cd5f4fe35e1de01a64822f38ba389d0a6e32ae633116808e053c7fed"
"nutritional-yeast","Nutritional yeast","Baking sweets and pantry essentials","Pantry","images/nutritional-yeast.webp","320","320","17772","de64b1aeeffb926f284d004dc4f4f174a7feec1b29158e93f19d7c5e10879157","originals/nutritional-yeast.png","1254","1254","1612756","9dfb70fba6a52ef3ecfd108359ef7074ef9c25715e55f9fa1e8642b6ed5e3434"
"vegetable-oil","Vegetable oil","Mushrooms and specialty vegetables","Pantry","images/vegetable-oil.webp","320","320","8324","66c5ab52e19af024e6aa2241a936e2ccd448c5b6d62c19c8b7fb6b3995104fbe","originals/vegetable-oil.png","1254","1254","767194","15727cab78e9c3be796ce0d108bc7f0c43550e6c2172aefa1cd04a1b51f974e3"
"chicken-stock","Chicken stock","Meat and poultry","Fridge","images/chicken-stock.webp","320","320","6158","a4f613ed8ed1adabccdf8dc4231a8e30d8d350c84e3425057dece6568375c7d2","originals/chicken-stock.png","1254","1254","962670","a50ad739b60bad4c7b032d494c6bdabd1cec8c8afef9b338a6bbd715cad4c3ae"
"beef-stock","Beef stock","Meat and poultry","Fridge","images/beef-stock.webp","320","320","6850","09de8010c7ac3c98d4387885c16791965f54e19d88d1f4fc88c4a7cb60121c6b","originals/beef-stock.png","1254","1254","1109005","4c0a9886ea48f04ad7f48cab0ae282ed300bff95af183a93a793597a95ca97ad"
"vegetable-stock-cube","Vegetable stock cube","Sauces and condiments","Pantry","images/vegetable-stock-cube.webp","320","320","23402","e2cf0c55f885c30e789f9b1b4ae927854415c0c3218e9ab6cd1d9dacad5199ad","originals/vegetable-stock-cube.png","1254","1254","1441153","91aea4355417ddd9b2f34d6cf28f78e00e934e0b8d3ff7ea43cf9c6e6b384a95"
"green-curry-paste","Thai green curry paste","Sauces and condiments","Fridge","images/green-curry-paste.webp","320","320","21844","f89ddf2a4b7e8af871f7397f9a59ddc105d146259c1b0ca4664fbb0cde101659","originals/green-curry-paste.png","1254","1254","1807023","0033e3e6a2b23d192b02694edf09b8293e0fb1b308d82f27da328c219ab582c0"
"red-curry-paste","Thai red curry paste","Sauces and condiments","Fridge","images/red-curry-paste.webp","320","320","22768","66540c8f89cd1e2d59782108ed5a3fa009d3f342461bf7576e1d8789d0a73aa2","originals/red-curry-paste.png","1254","1254","1888750","d092530ce0b4a9c543e1fa2b90f1430adc772d8a468eea716542df2ebf334a9c"
"madras-curry-paste","Madras curry paste","Sauces and condiments","Fridge","images/madras-curry-paste.webp","320","320","22470","1da810d20759bd4b2a2d43d357916174ef523c58e61bdd3441ebeeb8d7b4d9e5","originals/madras-curry-paste.png","1254","1254","2022790","f9ec8230d370ce65bd1fc065ad07f043ea819aaa9930668c803db5e1ccc0851e"
"garam-masala","Garam masala","Spices and dried seasonings","Pantry","images/garam-masala.webp","320","320","19130","c86c3a196c76ee5a63a2db5134185ef611aacd0b970a478492e907eb1732ca42","originals/garam-masala.png","1254","1254","1372888","cc90f8c60a4cc95bc0bfa3d1e0b5a9dd4b2e7adee33bf409c89907bc9ca68762"
"chili-powder","Chili powder","Spices and dried seasonings","Pantry","images/chili-powder.webp","320","320","18760","c936ff07f44ad4fcd6c92912ab46ec9136eb2bd36dfff91c70cd9c5e738d89da","originals/chili-powder.png","1254","1254","1305387","8a7bc081340d5ec4ac133fcc8851f907db035c41b532c69ca10705168f24d6a0"
"turmeric-powder","Ground turmeric","Spices and dried seasonings","Pantry","images/turmeric-powder.webp","320","320","15412","01cea1979b9d0a6c95520e78d4a71505944bff1b13f0ade9b54e7935b249c938","originals/turmeric-powder.png","1254","1254","1203565","636d0a70051e3f9e102b2d4bf8fc2a08e379757779560d7d04ebb9cc59d6cfc1"
"red-chili","Red chili pepper","Prepared foods and pantry ingredients","Produce","images/red-chili.webp","320","320","10760","8c7e455912e0ce5f37b288105307a81809a8c83f0d24c43dd22fdb8350d262c1","originals/red-chili.png","1254","1254","817151","191db7e4377e91756587e189d756e65d157910c5328528ccfd36ac17a81676a3"
"green-chili","Green chili pepper","Prepared foods and pantry ingredients","Produce","images/green-chili.webp","320","320","9890","8c5063b0eb9cf13d2930cddb48b65221013ab72d44b0c5093148f9d3e5242031","originals/green-chili.png","1254","1254","811294","080620c4980ce9b5d8002180f7b1ca61d4ddf741d58b9a5cfb118256baa47319"
"pork-shoulder","Pork shoulder","Meat and poultry","Fridge","images/pork-shoulder.webp","320","320","17070","80d279382e71e4afc8c2afc14da2d89645f361527e57ba77c9b1bb6f7fad8f78","originals/pork-shoulder.png","1254","1254","1882220","c72e25952d76dd901c96712d90efb878d23cff0d45995e4a2fc1249addae9dcc"
"lamb-leg","Boneless lamb leg","Meat and poultry","Fridge","images/lamb-leg.webp","320","320","18084","c0a13b087e6063be5118a8305a5b314c137b630424b25774a32bf2adc0564c70","originals/lamb-leg.png","1254","1254","1595592","96820229852155b78714eeba1c3c14ba71d0f720519a2faa5c5ef198b2361209"
"tonkatsu","Tonkatsu (breaded pork cutlet)","Prepared foods and pantry ingredients","Fridge","images/tonkatsu.webp","320","320","21334","bbb9fc1f49299fa0d9ff84b46eaca9509cf6b2b155d7c56be7d16e806b0b9852","originals/tonkatsu.png","1254","1254","2071135","7a3e26d6e47432eaeb336b36a595e1dba33ae12580a3390762a55b805015982d"
"dashi","Dashi stock","Prepared foods and pantry ingredients","Fridge","images/dashi.webp","320","320","5012","8d877f255ad924a4f1e62d339bf8aa81a80049c6a6988f26e71ec999672863dc","originals/dashi.png","1254","1254","918345","54d2643f0ad4ee5a1db0620ae630f6037a8170bf79b1a2271a4491c4f9c426fa"
"water","Water","Oils vinegars and preserved foods","Pantry","images/water.webp","320","320","10780","2ce1f5b5b337f35f2777bcccbf330c7981ac8edd7d9ffc86673b14347804925e","originals/water.png","1254","1254","878504","8c032ac638c39e44df2e42c6fed9c4e18acbf0a9353adb606aa8adce1aa56ad2"
"birds-eye-chili","Bird's-eye chili","Prepared foods and pantry ingredients","Produce","images/birds-eye-chili.webp","320","320","12742","9c7401ed4cc9f81c4e307bdb709ab5ebe2e40dc69cb97638cc8da9e2182a796e","originals/birds-eye-chili.png","1254","1254","715438","15625e43b83ad677a5559d844dd963bd57253867ebb4cd6601d46290c57b9d94"
"dried-chili","Dried chili peppers","Prepared foods and pantry ingredients","Pantry","images/dried-chili.webp","320","320","21396","fdeb90c63530c57978ff085694085fe1b7df3aea7bc8dae335668922733e03c0","originals/dried-chili.png","1254","1254","1608564","87f037d3b625fb3a00dff52a6ae352eb5b08e3daf17e233542fea9971c3dda74"
"kerisik","Kerisik (toasted coconut)","Prepared foods and pantry ingredients","Pantry","images/kerisik.webp","320","320","19420","8b3d4cc7960a414141424b844d478b62b7ff69d0310e679c57c66c3f1043b984","originals/kerisik.png","1254","1254","1788535","6268c8b1b57ce2aeb955d4e40e46e1f4f5ebbff94132dcc9a90cd7040a137323"
"banana-ketchup","Banana ketchup","Prepared foods and pantry ingredients","Pantry","images/banana-ketchup.webp","320","320","7552","32cd45d9714baf217e3ecb3b8760b241816b7deeb59c83ed510462d36cbab4de","originals/banana-ketchup.png","1254","1254","678136","7e0c54fb6b79acb7fa9a3efa7e99d2251d1c549663877c2e8839771df46814f7"
"fermented-black-beans","Fermented black beans (douchi)","Prepared foods and pantry ingredients","Pantry","images/fermented-black-beans.webp","320","320","17046","5e2a6a0ad7cd12f77774f06f7d9a5fde3b780db6e876984037a2a41870678628","originals/fermented-black-beans.png","1254","1254","1503491","bda7a00519944a09da2d684cf5a10c9e0987be665b39a8b7a11f90f6a2a38a30"
"sweet-chili-sauce","Sweet chili sauce","Sauces and condiments","Pantry","images/sweet-chili-sauce.webp","320","320","7728","116619606368c0a68bbfddd8840f9947c2ea23336ba7828504f5570bb4e1b4d4","originals/sweet-chili-sauce.png","1254","1254","801895","933c2cdc1db6fd496a7d2bd8a98d552a28c937b00c9f69d2a3ae760f94ac5ac5"
"water-chestnut","Water chestnuts","Nuts seeds and nut spreads","Produce","images/water-chestnut.webp","320","320","7088","618748731285ce19e344808529d1f963c73e34ba8ead8a5bd0f500bca86c652c","originals/water-chestnut.png","1254","1254","1042208","83d8b6264805eed611a6c02935b16869b374e84ec46dddd7311cc7a80417d59b"
"dry-sherry","Dry sherry","Prepared foods and pantry ingredients","Pantry","images/dry-sherry.webp","320","320","7228","debfba1e47e72ba909ee5e50cb5556198420b688235ffa88cc40b68f2380be72","originals/dry-sherry.png","1254","1254","739875","2e22f7de07066ee213f417dee87c9a9deb1eb614138c38008e723b13133cd9ce"
"ginger-juice","Ginger juice","Prepared foods and pantry ingredients","Fridge","images/ginger-juice.webp","320","320","12786","eba45d70f8e5f508e600cbd346e3535203afccc015e1c27c597cf3739588b2ae","originals/ginger-juice.png","1254","1254","1187389","a4aef32794f9c1211a3bc4258a94e31dcbcf3cac8942edebca29b1d1b4e93871"
"nuoc-cham","Nuoc cham (Vietnamese dipping sauce)","Meat and poultry","Fridge","images/nuoc-cham.webp","320","320","10496","5680cad9bae484f6c5fa090b7395c973f5886c724c1d7dd226c0db0689f276fb","originals/nuoc-cham.png","1254","1254","921951","71b774e878876dcf1f0d29348de46d8a06b28c0319b0aecc7e414ff1aa6f7792"
"pickled-daikon-carrot","Pickled daikon and carrot","Prepared foods and pantry ingredients","Fridge","images/pickled-daikon-carrot.webp","320","320","13976","7a10e6f6fe65c8eadcd747b4f9bf5dd5a933ec18f41ee21bf6461b55e2fb57f3","originals/pickled-daikon-carrot.png","1254","1254","1271912","072153e73eb07e90da6154ba2f3fd468440982b70f598aaa18961334f9684016"
"palm-sugar","Palm sugar","Baking sweets and pantry essentials","Pantry","images/palm-sugar.webp","320","320","23392","163cc98d795ff795eaf6b6c1c0b34ce131879aefeff5417d73a2508e52c44111","originals/palm-sugar.png","1254","1254","1527992","b1b3cd364dbbddad1c3485a82040fa936de5b43dcc9f2512f66b0660dd3715d8"
"curry-powder","Curry powder","Spices and dried seasonings","Pantry","images/curry-powder.webp","320","320","18366","21b1e39360f32ecc2f1bc9f03938e18e3e14c8a7d28afc2849691ca62cedca99","originals/curry-powder.png","1254","1254","1257043","f71046f9f037ca5a9c87606d8185c8e0db716b0d37b4a6cd49715a795f711769"
"breadcrumbs","Breadcrumbs","Pasta noodles and bread","Pantry","images/breadcrumbs.webp","320","320","16982","1fc6b74dc00c8eda2c07c6572807aaa21ae1fbef2a2e2b186a9f8ca2fea4153d","originals/breadcrumbs.png","1254","1254","1337369","c1b6932cb944a648d54ce10c50fa8cc89489c31c1679cd983a0050e40ec56006"
"dark-soy-sauce","Dark soy sauce","Sauces and condiments","Pantry","images/dark-soy-sauce.webp","320","320","6950","f656119becf4c26537438476fed782a1a483a08314609b752a751b29e3fa8936","originals/dark-soy-sauce.png","1254","1254","644555","1b402f1f11085bf7aaab30c0cda3725fad3c512184cbedf6b3c08851fcdaf43e"
"cooked-rice","Cooked rice","Rice and whole grains","Fridge","images/cooked-rice.webp","320","320","8086","3e3ce459d0988e8511394fd33e77a98b405056279949539336d338cdebaaeaa5","originals/cooked-rice.png","1254","1254","1099088","b700bc80ffa6a7200b7e9b5de381a7218c672c0eb34b3313a692ed51dbc304a0"
"roasted-seaweed","Roasted seaweed","Prepared foods and pantry ingredients","Pantry","images/roasted-seaweed.webp","320","320","23952","ecd3a0d14070b3da845c56702ea183fe12f712409c99be652bfbb9b36fdb7656","originals/roasted-seaweed.png","1254","1254","1818476","bd67860ec61d9999021a457c3ab622a268d685795487e537bc55c38fa78c34fe"
"vietnamese-balm","Vietnamese balm (kinh gioi)","Prepared foods and pantry ingredients","Produce","images/vietnamese-balm.webp","320","320","17256","cf8f94cfecfabb30d00a4e853e2b60f7b12942c2fce0cd0842c4674ff5e1c772","originals/vietnamese-balm.png","1254","1254","1435836","f18caf494ddaea3f923e19ec3de21c807a480f0a0c1ce3344d94b3a03aca1cfe"
"vietnamese-perilla","Vietnamese perilla (tia to)","Prepared foods and pantry ingredients","Produce","images/vietnamese-perilla.webp","320","320","23706","25f43fce2450f6a2b58794e8ee03a373f326f2d54d85f491c13d46464bbab556","originals/vietnamese-perilla.png","1254","1254","1778574","a2b94980289f021ea96e534500b831f8f9185bcf807638dabc5c3ff46fe3d5bb"
"kimchi-juice","Kimchi juice","Prepared foods and pantry ingredients","Fridge","images/kimchi-juice.webp","320","320","10116","4d2d23fd61b1a7b103cc7bc654b8d8dd4299ed826b3f1dc1fa5638ca622db605","originals/kimchi-juice.png","1254","1254","1025126","fa95bd267e6566598bea43fe9c413f98b3d6f15d264278ef2c3f78a2d66baea8"
"egg-rolls","Egg rolls","Prepared foods and pantry ingredients","Fridge","images/egg-rolls.webp","320","320","17926","4f2796148974f6e5eda2b82c91ed3619adde552dc60a5638ab87b6e09d56dddd","originals/egg-rolls.png","1254","1254","1686734","a2bbfdc0ea00bc2dc1a80b8e4afaf9e8522b8c909e13fd6551791cd9a37b4dd6"
"caramel-color","Caramel color (cooking sauce)","Prepared foods and pantry ingredients","Pantry","images/caramel-color.webp","320","320","7932","eacb6dd7c524af09dbc495b84b8de2c00ed661c4db4daa0da5b66a56e620bb51","originals/caramel-color.png","1254","1254","834167","69887e98f9ee29629984f48585187b1f1d217014b3f611aea23a72a0d4614007"
"egg-white","Egg White","Dairy and eggs","Pantry","images/egg-white.webp","320","320","10470","fc0c352f0c5faf7837c6511da578a123061a6b4d6de847fb5e8bbb70b3d944f5","originals/egg-white.png","1254","1254","1094618","1ce3bdaf42ab7d0c8cdeadcbdfbbb58cd7ace9439e0306d45613385cf4986b9e"
"cooking-wine","Cooking wine","Oils vinegars and preserved foods","Pantry","images/cooking-wine.webp","320","320","5520","6426ded1942b8ee0421155d2b0298cffd9a881e919527e2be6d6321345d6fe3f","originals/cooking-wine.png","1254","1254","574656","ef604fbd428b4cc926d790b8e7c4c757974b2889085d039fca4bcab52cfe45ca"
"onion-salt","Onion Salt","Spices and dried seasonings","Produce","images/onion-salt.webp","320","320","13640","868b0ed336d90ce95b61cba615ed01e90252a0c2e7aade0129580beaa2c28f4b","originals/onion-salt.png","1254","1254","1214102","29097ed2ae4226faff84baa524542d4de52d9e3fb7d6f2abade5b59167f81321"
"garlic-powder","Garlic Powder","Spices and dried seasonings","Pantry","images/garlic-powder.webp","320","320","16486","b6ee7a4dec27de1dbbb35f78ccda1d8216cfd988ed160e8951403bc9e487d802","originals/garlic-powder.png","1254","1254","1535707","0d834219e658f225717d690dec7d5e5bd1580ef835ac0abaf8f9495d011e57b8"
"duck-sauce","Duck Sauce","Sauces and condiments","Pantry","images/duck-sauce.webp","320","320","15204","580b28919c6b814f6818acd975d93b51936b8dc6376a2cfb53506baf6ed10afa","originals/duck-sauce.png","1254","1254","1325335","61e3d4ce82542b0c7a28c0c8c5b5dd8711b83b34530091266e76b7460cf03c7b"
"kielbasa","Kielbasa","Meat and poultry","Pantry","images/kielbasa.webp","320","320","17330","54195bdd20cad081ab605a8996ae1a5fdd5906ab38a1dd450446ce5d8bea4aa2","originals/kielbasa.png","1254","1254","1684846","38df7dc46220db0952eae62e89df3d9bb60935f71fa12d9cc674b97fe5677bc5"
"red-wine","Red Wine","Oils vinegars and preserved foods","Pantry","images/red-wine.webp","320","320","4158","7e61d1f4535a14fa2d7219cd51675babb552a499ca9aa2224ede4bf159988904","originals/red-wine.png","1254","1254","562112","6f4c87963126f708d28bdbc8592f886fe76c7463e74c0aeae192e4bec3b715ea"
"tomato-sauce","Tomato Sauce","Sauces and condiments","Produce","images/tomato-sauce.webp","320","320","18208","28fdc8d050b47c933716ee5cc3be56529a341511a9125797fc7549400a75f985","originals/tomato-sauce.png","1254","1254","1301613","88dfc079e67c9dcdf1c349fed6992b05dd63dacbf9c2388f78fd48c10ad6976a"
"summer-savoury","Summer Savoury","Spices and dried seasonings","Pantry","images/summer-savoury.webp","320","320","20760","adc5c85fb3abe0b116054ebb6beca794dcd3bf887b4a13879608376d16d7923f","originals/summer-savoury.png","1254","1254","1414513","e9a1eb436425fb2123af34437c8bb43ea4c9739d54ca7028607c2d640416a6e8"
"dried-mint","Dried Mint","Spices and dried seasonings","Pantry","images/dried-mint.webp","320","320","21978","50cb6e8f5c09ca3eca66da7199f6ec4a7fac48c1f73b076af64a8ea9f5ffcadd","originals/dried-mint.png","1254","1254","1661676","d933ae634dc3acf1182b502430f01665268738e825d0003861bcbd996524c2d8"
"egg-yolks","Egg Yolks","Dairy and eggs","Pantry","images/egg-yolks.webp","320","320","10372","7596edc87b0ed60318451446bea1cdeb6e88219618bf66e6d5cc4a36ecde7dcf","originals/egg-yolks.png","1254","1254","904214","63dc4a5b893f506cf3ee1dd130727d5a91296c0161c4be8b2364da816dd02702"
"ground-nutmeg","Ground Nutmeg","Spices and dried seasonings","Pantry","images/ground-nutmeg.webp","320","320","21058","1d9b5667ccbc72279c240236c1cbffb5c52c6024f2b519d7f71b23bdbb628919","originals/ground-nutmeg.png","1254","1254","1710771","15e1105cf182e8d5c0443423d66a60e5e8b9063796d4e51f783e07179ed8d9b6"
"dried-oregano","Dried Oregano","Spices and dried seasonings","Pantry","images/dried-oregano.webp","320","320","18186","57035f47e72a12f5d72a30ee6dc4374f0bfa5f3666ee3728a1c6a5944a20308b","originals/dried-oregano.png","1254","1254","1533585","2b61c48c822afeae3b010c2e7a59c41f6e6f68dbcc57458d5270ddd9435d5157"
"squash","Squash","Fruiting vegetables","Pantry","images/squash.webp","320","320","13376","fcef486e44ee0e514692e0ae5cca8059181ca618506af97a00eaa401c4fa24a6","originals/squash.png","1254","1254","1617538","6f8acc02bf2b9647a7d6df011b5a8a61fb3ec8c2cc03c8263a496a306fc7d759"
"suet","Suet","Meat and poultry","Pantry","images/suet.webp","320","320","9606","a6bab5150dc7b27aeadbe83dbba1f5cc0e10c86c45a80b236120c28c9885fb41","originals/suet.png","1254","1254","1438059","e3308f11c8110a01bda4004411cb6ec948170c5ce6a9fbb92d6e40fe14ed38d0"
"ginger-paste","Ginger Paste","Sauces and condiments","Pantry","images/ginger-paste.webp","320","320","13556","9b0bbb1e1cb51d7d99b6006a7c053e7c521bd7c2a851bc90022ed51e6795078f","originals/ginger-paste.png","1254","1254","1328666","ac37dbfa7e3fc84979327caf4f83ba52bb9324efb2674c945e38fdedb66873f6"
"tamarind-pulp","Tamarind pulp","Tropical fruit","Pantry","images/tamarind-pulp.webp","320","320","21768","0cd658349c441d8c11b3d024763cb424ecc87e57185e028e424bb8c27be7f82f","originals/tamarind-pulp.png","1254","1254","1689693","8b8d45e48692eaeeb0aa797a35c2abc674d41e22767d25b7a344910f81eba1b1"
"panang-curry-paste","Panang Curry Paste","Sauces and condiments","Pantry","images/panang-curry-paste.webp","320","320","21700","f6ea6df30381dcccf83ff4262eaf67584e18f4bbe2c81d1e374710a1321ef363","originals/panang-curry-paste.png","1254","1254","1465786","14f7cb11c53f26368e09c63189de333fec529261c33b21c494ce3394d0598b44"
"shrimp-paste","Shrimp Paste","Fish and shellfish","Fridge","images/shrimp-paste.webp","320","320","16460","838158f7e87f140266e89f6df402ddb50ef2b7fa701014a1a2f574c0ba526fc7","originals/shrimp-paste.png","1254","1254","1705665","0b7f11e3b860cd6db10fd147911596d96bee9200bf88309e167cbd17f96f4c38"
"ground-coriander","Ground Coriander","Spices and dried seasonings","Pantry","images/ground-coriander.webp","320","320","18308","c622f044bb8594835e896aa2f9beece58c0bd14709ef347509fa7721158675b8","originals/ground-coriander.png","1254","1254","1398401","f252980693ff906b504a9b6c9628273c499637aacfe02be40a7877d5648e0993"
"ground-cumin","Ground Cumin","Spices and dried seasonings","Pantry","images/ground-cumin.webp","320","320","21020","c816a7d30cdc9519caa6cbfcbd4efda59bb46161e2edbc4a5599a20b732b3a17","originals/ground-cumin.png","1254","1254","1712547","bcbad53e127918481fe315be764713268d894fa6c4774e14086d0756488fdf88"
"ground-ginger","Ground Ginger","Spices and dried seasonings","Pantry","images/ground-ginger.webp","320","320","18256","fee5e87aaafa434ac40962901bc1c94a2d74a8716df2cd123e173da90740d859","originals/ground-ginger.png","1254","1254","1551053","d5cafec8198e72d31d562ec14c901cb980724d0c9675856720923d6acfa2eda6"
"lemon-juice","lemon juice","Orchard fruit and citrus","Pantry","images/lemon-juice.webp","320","320","14924","13724c9cd50c5fc7fc353361a9bdf31371300773b13b21a02527fdb52e5926af","originals/lemon-juice.png","1254","1254","1209450","4e38dbc736384f9826a79119918083c8678f1b5ad45f9257730c903117859c0c"
"vine-leaves","vine leaves","Leafy greens and brassicas","Pantry","images/vine-leaves.webp","320","320","19614","d376a3df4201828859f172c0f799ed0d9e3153bde2ce9d29b0255668b4fa2408","originals/vine-leaves.png","1254","1254","1696549","786b47b1220be8e50c5e9d89792a382db6df672131cea52caca9259711a58140"
"celery-salt","celery salt","Spices and dried seasonings","Pantry","images/celery-salt.webp","320","320","18028","531225854cb1cf4374a58056b0eb7d54d3fc4a6c7979d506cdfc262495a6c718","originals/celery-salt.png","1254","1254","1489338","bbcbea8376c952dc9788a79bbab9e817c6c04785343e02d5fe00b68227aa28c1"
"ground-mustard","Ground Mustard","Spices and dried seasonings","Pantry","images/ground-mustard.webp","320","320","18226","230928cef5763ba440e51b6a02457a401d3de90f6ab975f3c61d1715148e791f","originals/ground-mustard.png","1254","1254","1451382","ee9d0b9ad21ed625933e8b0c569f3403879d4249d07680d74c1f101cccddf305"
"monterey-jack-cheese","Monterey Jack Cheese","Dairy and eggs","Fridge","images/monterey-jack-cheese.webp","320","320","9882","427c8678f57a92e41e1429c080497e2c59fc198af4074755d711d8f7b7cace09","originals/monterey-jack-cheese.png","1254","1254","1300944","600223867ca69b53cc918b38c018097fe386ea6b37688357734ca36f59fda704"
"colby-jack-cheese","Colby Jack Cheese","Dairy and eggs","Fridge","images/colby-jack-cheese.webp","320","320","14360","06d7f3d4de2ac7eb243bb4e3803ce195861c3bd1dae077dd471cbae904683f43","originals/colby-jack-cheese.png","1254","1254","1283388","88bbf29467301333c82b553617db2e8ee210dcd7f88ffa7611bc0b535e6198d9"
"brandy","Brandy","Oils vinegars and preserved foods","Pantry","images/brandy.webp","320","320","10142","f38cb55b325a6c2f423f704a6fdbd733af440d9a7e8958a621bed2baf70923ab","originals/brandy.png","1254","1254","847937","3fb1f7c774e5e0e42e637add9621ca1be721703a53f8a6b3a1ca63c0db5f9bfc"
"white-wine","White Wine","Oils vinegars and preserved foods","Pantry","images/white-wine.webp","320","320","5480","0305d75c7065ef0a4b6542b087fdaafca50cf8b4f73f0db6be41378707a83511","originals/white-wine.png","1254","1254","591797","b65fb8c5a0fb1aa6a6ab3d0d1dfae5fc439e97ba4067be1e79d03ef9bd93c760"
"gruyere","Gruyere","Prepared foods and pantry ingredients","Pantry","images/gruyere.webp","320","320","13634","c4ddfcc1150206330960d87dc79c19e87675a4e8f643b0e04b6d92114a588767","originals/gruyere.png","1254","1254","1711204","ced1fd7d49010ea069d3f17c655a71ba2b9f62cece46e3a140afd8bb40d12fc3"
"orange-blossom-water","Orange Blossom Water","Orchard fruit and citrus","Pantry","images/orange-blossom-water.webp","320","320","14052","fb386594620452bde67874b65077b6f2faf501b31014dd93522ea417d8d5c620","originals/orange-blossom-water.png","1254","1254","1242020","82ff94cb858edb282223c5f5fc439702e0957c3e7a36de3ecbdaf35017e98c99"
"freekeh","Freekeh","Rice and whole grains","Pantry","images/freekeh.webp","320","320","21396","3414bf1e0f56e30f21333b5a18ea90e933cb6f03fb2488c4d86a4924561adcef","originals/freekeh.png","1254","1254","1762679","ade2a94ab169abef00665960ca40194c315c09687da9242ac74a5c550200b4c1"
"ground-cinnamon","Ground Cinnamon","Spices and dried seasonings","Pantry","images/ground-cinnamon.webp","320","320","18748","f0921aacf7cfb92a46d3247d20476dd518409ec059fb8653cd1fb8b8e46e80ab","originals/ground-cinnamon.png","1254","1254","1637563","1b9a0b924a0168fa7999023cc6ebdc6aba0b15c290e0e14665e30dbf5a0575ab"
"orange-juice","Orange Juice","Orchard fruit and citrus","Pantry","images/orange-juice.webp","320","320","16444","204489515efc4fbb020ac983ebb54282178583c16c438c279cc8f99ada63cefe","originals/orange-juice.png","1254","1254","1519007","39784f42ccca531d50fe8ec58eed0dd5dbbcebd444fc15148a392c4738633739"
"shaoxing-wine","Shaoxing Wine","Oils vinegars and preserved foods","Pantry","images/shaoxing-wine.webp","320","320","9276","d592d99fab1ea89a758af2de91324c061d4e9a420bc43ae6c43a0c39f73909cb","originals/shaoxing-wine.png","1254","1254","804755","c695281f45f33e1090136fc615fa1490dcf993dba7d0419b58a0de5e95c8d799"
"veal","Veal","Meat and poultry","Pantry","images/veal.webp","320","320","12868","c48b0924309558e0da529a6d7620b83f47508c82db808f2b70df36dc77462d00","originals/veal.png","1254","1254","1436169","330ddca3e4e44c5355026ac3703773e924846df72a31b6d45afd072cebe1b0b6"
"orange-zest","Orange Zest","Orchard fruit and citrus","Pantry","images/orange-zest.webp","320","320","19912","6c087e7b01d5d5a7ee4420d047238edef6d60b4bb90625457b4744def40d4672","originals/orange-zest.png","1254","1254","1748868","0b31674b9af823daba88000353cc16210adec8cc416d440607458e71485d80df"
"lemon-zest","Lemon Zest","Orchard fruit and citrus","Pantry","images/lemon-zest.webp","320","320","17068","7648eab514dda1832d9049718c7cdb94fc5ab984ae51fbf335b313737004f0b4","originals/lemon-zest.png","1254","1254","1535168","dac5e2e22a0dacfd6accb87262b0c71fe08966ac4e5c9ae156a6c960022484de"
"chorizo","Chorizo","Prepared foods and pantry ingredients","Pantry","images/chorizo.webp","320","320","17752","ccf4bcf11cce62e15c0d05afe53b99087c06169335fe5d04bb2eb031da9e711a","originals/chorizo.png","1254","1254","1711196","01f8dc17f51671344b778ce4169b000df74488e7dd5a2e15e0143aa677f79606"
"fish-stock","Fish Stock","Fish and shellfish","Fridge","images/fish-stock.webp","320","320","4342","1562b52081582b19bc3c36084c5c1cbb428acea1bcfc10f2297152efb06bb430","originals/fish-stock.png","1254","1254","930305","5d11cd79c0ef6e2773258fd8330c29882716ba3391b811b3908814b2a8c1d8d4"
"harissa-spice","Harissa Spice","Spices and dried seasonings","Pantry","images/harissa-spice.webp","320","320","21432","3b83bb4b1d4e20a35874c2437cb2837c0dec9cdc81d64cb1185e4b4891cda081","originals/harissa-spice.png","1254","1254","1511505","b0a7508d955ad47c151267c7490acea41fecc6c7537dd0e0e97dc4f8c6551dae"
"malt-vinegar","Malt Vinegar","Oils vinegars and preserved foods","Pantry","images/malt-vinegar.webp","320","320","15736","43511285ec62d4f9826b6f8b76ef023869d86289eef37de43a204e5f5f21b5a1","originals/malt-vinegar.png","1254","1254","1212400","470f6392bb9bd57b28637683c2b70d08b485db2ae1cf903822b0158ee50fc04c"
"mixed-peel","Mixed Peel","Berries melons and dried fruit","Pantry","images/mixed-peel.webp","320","320","15850","836e6387b6d68314757f4b1dd4e30528c8b3c24f1b136f9c926b4a6d1c0ef7d4","originals/mixed-peel.png","1254","1254","1356555","6e127dbc20bf0b95a3faf8ea68da7654abf7fdcc5079976a953f460fa4e2f4b6"
"glace-cherry","Glace Cherry","Prepared foods and pantry ingredients","Pantry","images/glace-cherry.webp","320","320","16080","ff2e027abbd9831fff7c74f855614ad46770349deb8b024bac793d04e8cae26e","originals/glace-cherry.png","1254","1254","1305411","b7bd90cdc0b2d9609fc7db4cea67b773afccc56b1bbbb880af5d36dbf23d4108"
"currants","Currants","Berries melons and dried fruit","Pantry","images/currants.webp","320","320","15708","7e15124546aeb6ed634b79c2ef1eb30351418813612b9dc2f8fa0f0e333a9333","originals/currants.png","1254","1254","1277008","c6e6ec7e42f38b00b26ecff5b6a1b81917c826d373bbc2b76d3d0e25a34aadbf"
"ground-mixed-spice","ground mixed spice","Spices and dried seasonings","Pantry","images/ground-mixed-spice.webp","320","320","18152","70144d87b1b14f46c19928d87fecb210c873aad70ad56880346122efbd391c48","originals/ground-mixed-spice.png","1254","1254","1463739","766a570dba210e71295246102e59c45c1e0c9d0ff1d487c5b9ed2bd2a38bb9ed"
"rose-water","Rose water","Oils vinegars and preserved foods","Pantry","images/rose-water.webp","320","320","13816","37fb333a305ae30741d089444a27851a3b918f89531628236c88fcd7655af0e6","originals/rose-water.png","1254","1254","1240938","a7ff42848ce39c3810c0c11b0f16c84c0bc873a9b971fdafe5df59945bda9524"
"vanilla-extract","Vanilla Extract","Prepared foods and pantry ingredients","Pantry","images/vanilla-extract.webp","320","320","12754","5634c3081109bcba0c78a66c49f14cda7f3ee38640eaedf9e84f9245e6ef97fc","originals/vanilla-extract.png","1254","1254","1209918","269416ed45b2ac1c0705b04357d2bcb3ff4e48b1e3f41bf2c78677f4ed06f15c"
"lamb-stock","Lamb Stock","Meat and poultry","Pantry","images/lamb-stock.webp","320","320","11908","62da6d8d694feb4cfa9a933e0d42a5e2bce5f1722b96bee8efcd1472d848fdce","originals/lamb-stock.png","1254","1254","1225039","5d01ae75ccba57a84b4ad1860eb01c7ee2a4fac36ee63105301036298302a6e1"
"jam","Jam","Sauces and condiments","Pantry","images/jam.webp","320","320","17790","3d241715fa704e824cffbd81d0a9f6051ee713bfdd9d5789cac8fd6cd6d0c7da","originals/jam.png","1254","1254","1256104","3b6a4d9ef42e88e203e23f24c1f592c8c37d9175b45ebfd8b9cf5ccdd37de6cb"
"almond-extract","Almond Extract","Nuts seeds and nut spreads","Pantry","images/almond-extract.webp","320","320","13948","b3532a67c499180b06f9290c82aa575a1500b49a7efba281a87ae5feea0e11b0","originals/almond-extract.png","1254","1254","1295402","e3b2aed373eb3c05e518ed22f1c59123b4dbd826f36a04bad9e559f9518036d3"
"lard","Lard","Prepared foods and pantry ingredients","Pantry","images/lard.webp","320","320","7222","4b29178945227d28ee48c574613b55252a63bc2f7e8d58b3de98295bdf2390e1","originals/lard.png","1254","1254","1262596","cf84a6939705345be653ddec83f085cd096152b511be77278fa20710e21d254f"
"sausage","sausage","Meat and poultry","Pantry","images/sausage.webp","320","320","17232","bb944356c7138bd332732edc9495382e374f1e3729ea4eb182069a020b420b2d","originals/sausage.png","1254","1254","1551909","e61673e11bbbf6c5f9298b2ebdb60e6544f762257e23dbcc7318ee27254831b7"
"juniper-berries","Juniper Berries","Berries melons and dried fruit","Pantry","images/juniper-berries.webp","320","320","17906","74f85f2af418eb65eea41b43f885a7a4c9304af10c07a7b6697e1c9e594baf4c","originals/juniper-berries.png","1254","1254","1518106","7cf0a3ed050357fd3d384d8187d3893ed2dcf306b53ae325e37ef3665e8855e7"
"beer","Beer","Oils vinegars and preserved foods","Pantry","images/beer.webp","320","320","8474","f093d36be815b79348bb16eb7d2ffa4db98f97231560a511373ce5ad77d56f3d","originals/beer.png","1254","1254","867169","da7c8f6587f1d545c7e251850556abcdb94d502fb58dba261d3f0ba65c20629a"
"caramel-sauce","Caramel Sauce","Sauces and condiments","Pantry","images/caramel-sauce.webp","320","320","16410","70d2a5e27bddad85f36b76e525cdda2944c7114c6330d20ae5323d20bf32d1c4","originals/caramel-sauce.png","1254","1254","1259349","87213d3f08e600e3251ea1f1179672535f335ddc0e439196776047585afa40ee"
"dried-cranberries","Dried cranberries","Berries melons and dried fruit","Pantry","images/dried-cranberries.webp","320","320","19042","ccb32ed02f5de75638548a55b72c38b9e7f53a08f7a27a221370639187b0c7bb","originals/dried-cranberries.png","1254","1254","1428510","28e50a80af3e434ba2901ec145b7547a7ac5c4041e6e32a599f8446cd26b9b41"
"dried-cherries","Dried Cherries","Prepared foods and pantry ingredients","Pantry","images/dried-cherries.webp","320","320","20500","74e457b4c60acba7b4f379c5b96c6f312114e804a22100152c5cee29f762d561","originals/dried-cherries.png","1254","1254","1565117","bfdc80615a5f024865aa18b747f87ce227965ba3436f9d61d2c837e8616e7160"
"lime-juice","Lime juice","Prepared foods and pantry ingredients","Pantry","images/lime-juice.webp","320","320","14306","6df6695fc8ec5645dc208feb3375187d7030496eb2c8133cb806abb7efd2e4de","originals/lime-juice.png","1254","1254","1234369","1ab210af7f1f461556958b46910167057c595e07f3816bdee978c22806e23791"
"white-wine-vinegar","White Wine Vinegar","Oils vinegars and preserved foods","Pantry","images/white-wine-vinegar.webp","320","320","13606","0f3289db15bb2053e4b20410ff5f7ee2cf2fa7ab0929bf4a5465c663816c2a2d","originals/white-wine-vinegar.png","1254","1254","1145872","c008c814d27dd51a768b850cedbf6351fc0e5bfa8a35e57addaba3ad47c0c099"
"sirop-de-li-ge","Sirop De Liège","Prepared foods and pantry ingredients","Pantry","images/sirop-de-li-ge.webp","320","320","15136","80e97a0ac8e6eebc549e1daed6b8f179632faf9b9006b34b91e91f10ccccce81","originals/sirop-de-li-ge.png","1254","1254","1314133","3f81bdb807fdff16e2eb3eb32b79787c028096304490442eccc8e82149d7cad0"
"shortening","Shortening","Baking sweets and pantry essentials","Pantry","images/shortening.webp","320","320","8536","eb835057073e9897e1e9cb6c743f19e19d763938657b19182e7df9d3264e9fe7","originals/shortening.png","1254","1254","1233852","8aab0035cafb4fa12e5e762aa9fae2b2ff3bdfa1e1c28d2af4d4dfb901995bda"
"sazon","Sazon","Spices and dried seasonings","Pantry","images/sazon.webp","320","320","19476","629468091d3ac9bd49d316ffa498aeb0290fe9b747726d7ba909035c6402a240","originals/sazon.png","1254","1254","1317553","f42ad1902d83a997df731bfd406ced6fb2e5734123808eb45550f5a39c9e5dc5"
"pecorino","pecorino","Prepared foods and pantry ingredients","Pantry","images/pecorino.webp","320","320","16026","96b097aeb3513bfa28ef7688f7a9cfbe90db04074e4d030f36dccaee1534cec4","originals/pecorino.png","1254","1254","1681385","a1c8e62e11b71133b3aa0aace4a4f8c2e6cc550e8a3e8710f008d172bdef8ebc"
"ice-cream","ice cream","Dairy and eggs","Fridge","images/ice-cream.webp","320","320","13628","5c599472f12544a6722fbf4cc4e90f1db6c86b155f3b6b5f32ec87a756d469f5","originals/ice-cream.png","1254","1254","1398808","4cdd6a115131df319951a6963daf1330eab00f0f2c12cf7ca21b720b732f5d37"
"beef-stock-cubes","Beef Stock Cubes","Meat and poultry","Fridge","images/beef-stock-cubes.webp","320","320","22098","5f01f7c736737cb0c182e55202d5f238931e8811fed7ea16cd0b9dc6163142a0","originals/beef-stock-cubes.png","1254","1254","1777272","3a8bdba66746d80fe317ab8d190bbb2322daccadfbc222e15c09af3247b421cc"
"black-pudding","Black Pudding","Baking sweets and pantry essentials","Pantry","images/black-pudding.webp","320","320","19814","d4d86a1cbb40d120832b962853f358bd925876eb7f0462092c3418e26f6bfc4c","originals/black-pudding.png","1254","1254","1779268","02a886bbac40961e946bc6a776b97b74a1a36dedaf7a64893a3b3500180f2016"
"mincemeat","Mincemeat","Prepared foods and pantry ingredients","Fridge","images/mincemeat.webp","320","320","18278","f5dac7ed70a7a53f7f4748764589c82aa4b76a696684c35b0f1a03e261c4608b","originals/mincemeat.png","1254","1254","1707617","5b782301fa13a651785ef44f41cdf0358de72fd46cb541ebc8bb1719375df586"
"filo-pastry","Filo Pastry","Pasta noodles and bread","Pantry","images/filo-pastry.webp","320","320","11236","26d4212a742d61c7a9e12681d7e0ddc70adc3245aacfe6b720ca773a95984fd0","originals/filo-pastry.png","1254","1254","1237521","274d25332453058b69f3c1e771863705a52448a8d52f1cc325ec35de1163401f"
"chimichurri-sauce","Chimichurri sauce","Sauces and condiments","Pantry","images/chimichurri-sauce.webp","320","320","24870","922fa9f2fd3ade42bf58abde59670240125f6884b22e6c47035c7680452ce537","originals/chimichurri-sauce.png","1254","1254","1675114","d04f045071e87fcce3671c2ccfa8e8011dca87edf92adda05e574a555337cc56"
"chicken-stock-cube","Chicken Stock Cube","Meat and poultry","Fridge","images/chicken-stock-cube.webp","320","320","20642","42e0eea04da67f8b97fbe08430e31e11e6553c9724193a825a82e8b2ce9f5688","originals/chicken-stock-cube.png","1254","1254","1455526","a2c8c1bc664be73c8ad99eef69391355117a36b0c0ad85c838afdf3acbe89589"
"sun-dried-tomatoes","Sun-Dried Tomatoes","Fruiting vegetables","Produce","images/sun-dried-tomatoes.webp","320","320","21510","270e4595c379c8988866c9383a30db14c80eccef790aaf90e75348e1d5d00465","originals/sun-dried-tomatoes.png","1254","1254","1706475","f5b9b2066fb5f3ffe16c449889708a6073f7d893cedf488458e46e443ffbc7e0"
"vegetable-stock","Vegetable Stock","Sauces and condiments","Pantry","images/vegetable-stock.webp","320","320","7510","8f53ecb4840498bc9273e84ffa1a2b292acc19c1d8a6d1b812187c2a9c7d4bb1","originals/vegetable-stock.png","1254","1254","1029939","b16c98e65d51e76f089d5a449a521bcc8dd7097d33438627f4727729b0a6a712"
"pickle-juice","Pickle Juice","Sauces and condiments","Pantry","images/pickle-juice.webp","320","320","6816","7e9d59262ad2eec32728f1a974703ab1c7c33884a7e3b82bb29fccd2971ffd33","originals/pickle-juice.png","1254","1254","712393","e61b2a15175e7e6a83ea8fe6de7185129ad6c85b977cf0a3bb647ef80480302c"
"bun","Bun","Pasta noodles and bread","Pantry","images/bun.webp","320","320","16172","1f03e1b53a95b15ffac5a9514b672ce4790980d0fd5b7903fa2d2d7300248bb2","originals/bun.png","1254","1254","1767331","97dc2356c824815a92c6a4d2f6c141fbbf75ad486f68ae3514006715aa54c2dc"
"lamb-shoulder","Lamb Shoulder","Meat and poultry","Pantry","images/lamb-shoulder.webp","320","320","16446","101390242625369dd287a6c75bb91fdd6ae96a08bb7132c539bad4c58523d102","originals/lamb-shoulder.png","1254","1254","1623227","440f3a3acfbc512faf7bcf8bfc811702d35a551112f475edf87bc22c90c346f3"
"roasted-pepper","Roasted pepper","Fruiting vegetables","Produce","images/roasted-pepper.webp","320","320","24896","7351bead04fa56555153dfc83e4b1017b268095a8587555f1b4d15aed275678a","originals/roasted-pepper.png","1254","1254","1771870","eda77b5c1ff452a9d46d35f0dad22b50138f32a981ad84b27044755f2e0de574"
"ground-clove","Ground Clove","Spices and dried seasonings","Pantry","images/ground-clove.webp","320","320","21776","1239a055872c5bb1f62144610fc7a1bd9b22db30799a19f03bb8605ff806d5b1","originals/ground-clove.png","1254","1254","1537663","6dc4d9529517b0be327fd0aee8ecdeff075984db7088bf88e7992e733f49fd6d"
"white-yam","White Yam","Prepared foods and pantry ingredients","Pantry","images/white-yam.webp","320","320","14778","d9b6e872321bbef718434e7ba477a1796401f2ea963597ae01cda26965122b60","originals/white-yam.png","1254","1254","1733355","e9f6b49a76f894f2bb3874d3b1e3c08f096ffc69add489b1e1cd743aab1f8ee1"
"five-spice-powder","Five Spice Powder","Spices and dried seasonings","Pantry","images/five-spice-powder.webp","320","320","22024","19d0ffa4b9f8e57adde547633be2c5c085e6984ad5c6bee0957ed56005475a21","originals/five-spice-powder.png","1254","1254","1672754","5aa276e80da814290dc67ed916e3f908738daff41034f95aa3364e7a7ae739c7"
"dried-shrimp","Dried Shrimp","Fish and shellfish","Fridge","images/dried-shrimp.webp","320","320","20068","70d7fcf55649dedc2bbac506fb1481ecb4e1c25f0362e45782b3116106da818c","originals/dried-shrimp.png","1254","1254","1566994","f66a86a0703f3ef5444501e58f754531f18cc793178021c599bcbb4503a76266"
"pickled-scallion-heads","Pickled Scallion Heads","Prepared foods and pantry ingredients","Pantry","images/pickled-scallion-heads.webp","320","320","15990","efd8bf074058d4cfb6bbe2dfae94cd61dad89896502e234d792e507730be8f31","originals/pickled-scallion-heads.png","1254","1254","1318412","a376a3e1843e1255cc4c1d84254876094ee040da70307fe1135ed4b537406a0a"
"pickled-scallion-head-brine","Pickled Scallion Head Brine","Sauces and condiments","Pantry","images/pickled-scallion-head-brine.webp","320","320","9728","d8fbd2c6c65eea2714ffd1c4b26993ae10a93bda6bd226e12300104554ba16ab","originals/pickled-scallion-head-brine.png","1254","1254","1198996","b8eb879bce469a70382dea732f150170e3ed16db3e9c652b37596efed45105de"
"sour-pork-sausage","Sour Pork Sausage","Meat and poultry","Fridge","images/sour-pork-sausage.webp","320","320","19814","e0b685219f937c998403418b35bdb0222ca6020ed5c6068050169c2148e59e50","originals/sour-pork-sausage.png","1254","1254","2007699","a5b40729ae4409fc84b71ecd782c97849161696c2008aaf68befe97157c3da41"
"pickled-garlics","Pickled Garlics","Prepared foods and pantry ingredients","Pantry","images/pickled-garlics.webp","320","320","15342","f554ac9d16361b5902b64764d2c27b4ca1a9836ed9a327c2611c15995f6a30b8","originals/pickled-garlics.png","1254","1254","1564281","100794125077160811932a1922043e4aad2eb3e7b1b4e9b5ad34d4a6ab94b860"
"stir-fry-vegetables","Stir-fry Vegetables","Mushrooms and specialty vegetables","Pantry","images/stir-fry-vegetables.webp","320","320","18930","4a034ad9d8321199e2e9c250d80313f2b819706b6a2714348c8832f9ff5505ea","originals/stir-fry-vegetables.png","1254","1254","1807571","1542a05f86cf464f059436f03d7a7f986d98cb5ecae48355bbd33ef9be81bba1"
"ginger-garlic-paste","Ginger garlic paste","Sauces and condiments","Pantry","images/ginger-garlic-paste.webp","320","320","12844","4e9c47d72b2f72021a11f6bca42a52236e7ceb80d350f611842eed1eb209b367","originals/ginger-garlic-paste.png","1254","1254","1317088","773e655bcadf51fa56359500f639a813f65b843185736fafbacb08aad7c2ce08"
"biryani-masala","Biryani masala","Spices and dried seasonings","Pantry","images/biryani-masala.webp","320","320","21922","3bbd6f94ba7e89b391955e438c2a03240ebe609c384e2631ec4e17f9d7d90f20","originals/biryani-masala.png","1254","1254","1727644","ad1abb7bea8aa3187b82e97cf09e6595dfd6f4f255cc484fe9083d723c0f83b5"
"monkfish","Monkfish","Fish and shellfish","Fridge","images/monkfish.webp","320","320","10900","888e2a17b1a6d2a7bf6d00fb0a540598c824a142940f106cf1633ddb474a77c4","originals/monkfish.png","1254","1254","1391010","bc35ef898f18f50528a5cb8ec29c4060c9758b0612153f9c45b1720100a48575"
"passata","Passata","Prepared foods and pantry ingredients","Pantry","images/passata.webp","320","320","7056","48b30f6c1a514f4ce763f65977a4b3b70d1ec08a693ad9a653e295ff0dfda141","originals/passata.png","1254","1254","819354","508697c30f21a8c8e99849e8d78e2d42fcb91285b58ca9fbc10b6da8fbf44933"
"puff-pastry","Puff Pastry","Pasta noodles and bread","Pantry","images/puff-pastry.webp","320","320","18536","6a3529418c8648ef3871da6317d29a86afb9b85e9e591e9570ccde54a5e62a35","originals/puff-pastry.png","1254","1254","1750779","93508f0669896909dd18acc6149f295f9b33dbc9c683e545e65d9cf3308a24ad"
"goose-fat","Goose Fat","Prepared foods and pantry ingredients","Pantry","images/goose-fat.webp","320","320","12976","dea5f6681b16fec22313f00ffb6d31aaf299093bf48f867a53650ccb216e352b","originals/goose-fat.png","1254","1254","1552449","5118683440cd2240a2cbb2b66f1cea29d127f7517fd0374f3c4ee63910851d10"
"bouquet-garni","Bouquet Garni","Prepared foods and pantry ingredients","Pantry","images/bouquet-garni.webp","320","320","19842","82d9edca2c532418e14bd8d8f269b29583070189f05f91e9840f1336459df7af","originals/bouquet-garni.png","1254","1254","1538410","e3b717ec286421c14d5521d985cfc899c6cd142f9837644482227a18edfeaa9d"
"custard","Custard","Dairy and eggs","Pantry","images/custard.webp","320","320","9878","54c0e788ff0dc28c7b920f9667855fc8572db92f634f2ab830af2fb6693f0942","originals/custard.png","1254","1254","1211986","77b42e6c60f1c7a97252f4d368d16cb3ca0fcd4211937cb89fcebf3994b8b447"
"digestive-biscuits","Digestive Biscuits","Baking sweets and pantry essentials","Pantry","images/digestive-biscuits.webp","320","320","20506","4749d3d43d3405eb3d919b9c5b71d8512ec1c87b304176ffd1b1aa9965aa6752","originals/digestive-biscuits.png","1254","1254","1868733","58ddcfc7351859f3de96d8240c99ca64353bf5c0c9fbd58adb1b5aa231afd01d"
"custard-powder","Custard Powder","Dairy and eggs","Pantry","images/custard-powder.webp","320","320","12792","8f79c5a2e31fa71b9f235d31679d3c4b6980626c4c3e4cb793782440af2568b9","originals/custard-powder.png","1254","1254","1178652","ee8886043011a0cab20530d491dd9c490d05eccf81eaaa1688987059b961137e"
"oxtail","Oxtail","Prepared foods and pantry ingredients","Pantry","images/oxtail.webp","320","320","20456","36cfeddf34e5180656ffe03c926932832a1944ef95fae89effa48589a9bd5fef","originals/oxtail.png","1254","1254","2034230","73c547d33b87a22e82628f575e27120baa5ee63a7c951c895144a34d7fef792b"
"rhubarb","Rhubarb","Prepared foods and pantry ingredients","Pantry","images/rhubarb.webp","320","320","18478","30ae71967d8f606abb0586ae6d92a681b00b70c44a2e0115d8eb0d6f9798f92d","originals/rhubarb.png","1254","1254","1734016","a92d9a4b2942d1814be0c8c57f8870a6af91596770ae50fc222fec7c6e104002"
"falafel","Falafel","Prepared foods and pantry ingredients","Pantry","images/falafel.webp","320","320","26272","7967ea3ad772c3ec4a7cb744cd7edc509e0a76646e437edbd2d6e2d95e6899bb","originals/falafel.png","1254","1254","2127140","f4e200f10926bde87f6adb6d0d3e2eac4b4a49610b13f4c5f2c0dcbcf1a97616"
"pork-knuckle","Pork knuckle","Meat and poultry","Fridge","images/pork-knuckle.webp","320","320","17174","1aacd0f7fb21258559db9beed231dd004847061f4b57930b929fd688182abbf0","originals/pork-knuckle.png","1254","1254","1742815","f0778437c37af3f7854ac11704a0f99dd24640c9a8352c45a0bc6b6c72a9f8ca"
"thai-chilli-jam","Thai Chilli Jam","Sauces and condiments","Pantry","images/thai-chilli-jam.webp","320","320","21130","d6b0341c0bebe4f04c9ce6a708809ca63981302095b88d1a0a10df0d4a823ceb","originals/thai-chilli-jam.png","1254","1254","1582454","d54c7a1baac8112b7d103ff5639570318acff0a61228555006141007136dd896"
"ground-cardomom","Ground Cardomom","Spices and dried seasonings","Pantry","images/ground-cardomom.webp","320","320","19182","37369c458f3d74b920e7602b9e2abf52ea568beadf68bcf7aba3935f7fc535a4","originals/ground-cardomom.png","1254","1254","1641068","a9b3a44812eb03392ab0144bd2abdf762d11995a27a04e184ba550a5a781685e"
"white-chocolate","White Chocolate","Baking sweets and pantry essentials","Pantry","images/white-chocolate.webp","320","320","10136","5adf478b289ec12d7902863e93715cfa6397d762513000bad896d1f532fc6b84","originals/white-chocolate.png","1254","1254","1049807","52b1e403da1c078b3d6396b53c455a60e885c4fd2593dae4b1ae89b18512ed98"
"condensed-milk","Condensed Milk","Dairy and eggs","Pantry","images/condensed-milk.webp","320","320","8066","4bb04b9a064dbc937d805b9c38869c03f840341a543e6e431f876b22a5123cbd","originals/condensed-milk.png","1254","1254","810897","7e899eae53aa1d3adfda27e24ed90fd24ceb3882090fdbe06649ee74718ae60c"
"oreo-cream-biscuits","Oreo Cream Biscuits","Dairy and eggs","Fridge","images/oreo-cream-biscuits.webp","320","320","24932","7cf923780bea7e2a3ed6276349de414073f64be1344965018fb96bd4988b8128","originals/oreo-cream-biscuits.png","1254","1254","1580941","7755462fdcca5581104bd0d8e6eb258ee3c968dd70621d106e10117274869fd0"
"red-pepper-paste","Red Pepper Paste","Sauces and condiments","Produce","images/red-pepper-paste.webp","320","320","19422","b8ca032d9173a3e4f37745d7260314c112ef1ce1c311df7eeecc21c93dfdee93","originals/red-pepper-paste.png","1254","1254","1586796","b133a5f9796048b9fa909bde03b08f8eb952176abe13f47d0539415c05de606c"
"pomegranate-molasses","Pomegranate Molasses","Sauces and condiments","Pantry","images/pomegranate-molasses.webp","320","320","19220","c94060fd76c417e693fad58c054b03c05b9b6734236ef2e2c01c99b77f05296d","originals/pomegranate-molasses.png","1254","1254","1499999","0545174e1ca7c77c3e78efc9b97209c581280741ee3371ebbeca6192e013dc78"
"vanilla-bean-paste","Vanilla Bean Paste","Sauces and condiments","Pantry","images/vanilla-bean-paste.webp","320","320","16010","111bd1d6158b0404992f65a107fcd5d86a81bb2f90fee17a98b868b11ab6f069","originals/vanilla-bean-paste.png","1254","1254","1564377","8b874376311ab6083ee8e99c9fc0ea35e2968be3346d577c8477d7570e66367a"
"ground-pistachios","Ground Pistachios","Spices and dried seasonings","Pantry","images/ground-pistachios.webp","320","320","16776","8a05662d708cb85b9bbd6a1686477035b0a2782f130fe4a9fe151426e5455ce5","originals/ground-pistachios.png","1254","1254","1315174","1f3c9406662591e8c7cf40daec1d08a221d01e6fce4cc1fc63841062d579e14a"
"semolina","Semolina","Baking sweets and pantry essentials","Pantry","images/semolina.webp","320","320","15252","dd0b2d1f03841fd1575f849542b1f134557bce4a064b3c3a7e4cd6ae854f8f39","originals/semolina.png","1254","1254","1532485","1f0066b46bb43d20edbb374a96eb831ab8ea866d9acede492bf225a140cabc44"
"pistachio-paste","Pistachio Paste","Sauces and condiments","Pantry","images/pistachio-paste.webp","320","320","20572","489b28bb4cbb9a954638d94c12c477489e61cbfc72b655d2adc572899eea7b79","originals/pistachio-paste.png","1254","1254","1535182","f38a713c9b7b6ca6707403bed494ee225be20ec9e645c93fcb66ba7f48cd0fd1"
"dulce-de-leche","Dulce de leche","Prepared foods and pantry ingredients","Pantry","images/dulce-de-leche.webp","320","320","15346","ad058c8b2a56b97e50e00c72ea0a582cf82f3349297720dd3114b2365a29a2df","originals/dulce-de-leche.png","1254","1254","1366956","6dfeb065faee384ab0dd443a11a9bb887bbd58645cebf01887a49f0368f10e58"
"milk-chocolate","Milk Chocolate","Dairy and eggs","Pantry","images/milk-chocolate.webp","320","320","13346","439b039438ba484a0204e50556b0faf73e4ccbcf80c9331a57a889406f82cd7e","originals/milk-chocolate.png","1254","1254","1264006","8e2948442e9d788641bfa5ffbfaebcc3c6488c7adbca9c93edae4bf0f958c043"
"peach-juice","Peach Juice","Prepared foods and pantry ingredients","Pantry","images/peach-juice.webp","320","320","15524","b429eb7757a24ff4b32143f340337f464a832cd4fdd3378243bdc79f65ae45b3","originals/peach-juice.png","1254","1254","1481867","8e6f2685baa0d75ec58c428848e45896a1a254c7c026f323a879715743b92daa"
"saskatoon-berries","Saskatoon Berries","Berries melons and dried fruit","Pantry","images/saskatoon-berries.webp","320","320","15742","39b90904b0c6c622cda20f2aaeac6ab5331e79987ce2cc91d9c50aba6dda27af","originals/saskatoon-berries.png","1254","1254","1539039","d68cfd1d2f5ab441d6a01bdea1d30b59c25fd79476d3b798ba967350bd405a73"
"graham-cracker-crumbs","Graham Cracker Crumbs","Meat and poultry","Pantry","images/graham-cracker-crumbs.webp","320","320","18390","4fe6d091c823783998e311a87cc5ae390ead1d07367aee96844c1bf5cb8378f7","originals/graham-cracker-crumbs.png","1254","1254","1577869","d9e6892d1418b0042759acde7192e35729a38378cd0bc18a49f5cf6a91befda4"
"cream-of-tartar","Cream Of Tartar","Dairy and eggs","Fridge","images/cream-of-tartar.webp","320","320","9898","4e336e66b554c9c87d247a96e0d88da09ce901913c6a3832a86b6d653d118340","originals/cream-of-tartar.png","1254","1254","1207461","e5204551512bb82d1e9d086370b5a22b2ea2e1377f9a26a9f3e71dad86cd0dee"
"shortcrust-pastry","Shortcrust Pastry","Pasta noodles and bread","Pantry","images/shortcrust-pastry.webp","320","320","13500","86f459ad98ac16cf708d1a41027cac889c59ee63ac0855d34333581366f67e05","originals/shortcrust-pastry.png","1254","1254","1480372","42d8acebca3afe7e37b50327c4e9b083cfd4cbc10723ceaba26bfb8abc5388c6"
"pineapple-juice","Pineapple Juice","Prepared foods and pantry ingredients","Produce","images/pineapple-juice.webp","320","320","16518","17b0a43d2364a7f5d9fc57864da127384fdab3777302dc1da96a3cadfaa8ac87","originals/pineapple-juice.png","1254","1254","1817815","78b67526109017a379f257c94da07a2a9b3b5d234e32421b17ab7b693c6bb205"
"ground-allspice","Ground Allspice","Spices and dried seasonings","Pantry","images/ground-allspice.webp","320","320","21168","51e555a606fb55b43d2ac232875dfb63c89d78329d958f6f42498178ef0da5f9","originals/ground-allspice.png","1254","1254","1599673","9544ef28893c40ab5538b90b42fa5adbddb922617dcf335b9ec0184cbd0365e8"
"ground-onion","Ground Onion","Spices and dried seasonings","Produce","images/ground-onion.webp","320","320","13472","fdbd9d906876cdf7164404f2446f449d627f0e749c4403617faf153900a21c1a","originals/ground-onion.png","1254","1254","1324657","d41e92b681667aeeaf14e351e671a1ab91a89fd97a16b67c3f6aca29206e5a8d"
"pumpkin-puree","Pumpkin Puree","Prepared foods and pantry ingredients","Pantry","images/pumpkin-puree.webp","320","320","13686","284eb1f8e8de9a7aa177afa05808dde347186832f59dcc198e848619e6b6095f","originals/pumpkin-puree.png","1254","1254","1390913","080979f240cf48436fcd7f4708b858a3d71a1ac9c77a7cd0c13b2890eabb44f2"
"marzipan","Marzipan","Baking sweets and pantry essentials","Pantry","images/marzipan.webp","320","320","11598","3347fd18b067b9419f788ec48247bd53a758f8f24362117f7a73b3bf11f2d304","originals/marzipan.png","1254","1254","1515062","267982ee7102d363d8c035668f5b758ed75862909598d3605e113df07fc2c23f"
"jerusalem-artichokes","Jerusalem Artichokes","Prepared foods and pantry ingredients","Pantry","images/jerusalem-artichokes.webp","320","320","15176","2c4f229137b9d4c30cece9fa71e406fa3dbe63b44e1098f93bfa9b341e129114","originals/jerusalem-artichokes.png","1254","1254","1609772","c5b763f1c8528d977a1fa681a7694679af6726553212703b0c9a7154ca49e49e"
"cajun","cajun","Spices and dried seasonings","Pantry","images/cajun.webp","320","320","20504","a5d9116b77bd56ceffb241543dc51558bd72febc36fe5e6c938a1e278e520743","originals/cajun.png","1254","1254","1354072","1f4f0ac1f2798ed656d9c83c6b57d21a8ae057589c7ba359e590484427e33e35"
"salsa","salsa","Sauces and condiments","Pantry","images/salsa.webp","320","320","17486","ba5e84ac61409809cf4b3dd6d801cd4ee3e9cbfeb541e9ec982b0fad6819fac7","originals/salsa.png","1254","1254","1484833","d59db3ac925bf10b73cce40a6e7a27682517774f77ef9001a3f6ebe5b05f8873"
"massaman-curry-paste","Massaman curry paste","Sauces and condiments","Pantry","images/massaman-curry-paste.webp","320","320","23262","c6fb50604c924f0d17cea5d5a412efeff39e5650b159aa3a55d1480a36a47ff6","originals/massaman-curry-paste.png","1254","1254","1514125","0a6775f67817895c96f4a86cae42147d39b50c2a76bd33f4b4ec88c44738546a"
"pink-food-colouring","Pink Food Colouring","Prepared foods and pantry ingredients","Pantry","images/pink-food-colouring.webp","320","320","10668","acd62828466724fc323e37856ba85af67faca0fc696617e31f01df4ef2a0e37d","originals/pink-food-colouring.png","1254","1254","916173","a736c6bc0410886d8d294ada9f6a2bae45ce124efc13d4f4e995da56994a8e0c"
"salt-cod","Salt Cod","Prepared foods and pantry ingredients","Pantry","images/salt-cod.webp","320","320","14674","93424f0fa7279b19e49e6dfe82a629118dc7bb7978706d95087621c21e0a3725","originals/salt-cod.png","1254","1254","1674123","41587ea517145dbde823768bd2ffd50d2e10c4e716cc60878bc5dbfd97f5f815"
"ackee","Ackee","Prepared foods and pantry ingredients","Pantry","images/ackee.webp","320","320","18954","0fca3ea7d39f668cd12425bd67d8bc8ab854e7a138fbedfd209158133142a538","originals/ackee.png","1254","1254","1810555","85c2194afdc3a2c7040d5449ebdb0f3a456cf7e21e261325f618612c23e0b31f"
"knafeh","Knafeh","Pasta noodles and bread","Pantry","images/knafeh.webp","320","320","15684","8327f28186ffc2aefb8aa00d4eb31b1c50a562102f56bae7c6e4d8112ab4d224","originals/knafeh.png","1254","1254","1678210","5a1e0e923e652ee42e1de744c51c82ecff1f7e876a1626df41ba808436ff4805"
"yellow-food-colouring","Yellow Food Colouring","Prepared foods and pantry ingredients","Pantry","images/yellow-food-colouring.webp","320","320","7450","b7a6e01d11e2c672831a946b974aaf92c00f9bf3377442e9c9affbaa85144a03","originals/yellow-food-colouring.png","1254","1254","666319","e62b36a902c713dd583881cbded092482e5c5fded275aaf89c1c27689a62f2a3"
"all-purpose-seasoning","All-purpose Seasoning","Spices and dried seasonings","Pantry","images/all-purpose-seasoning.webp","320","320","18176","663678e2df9755a19195ad1da665d14ddd11c5933b99cb89bdb9ad773aa50fc2","originals/all-purpose-seasoning.png","1254","1254","1509977","634ad993625708571b14187d213fe7f6346fd4d320fa36a3724fc5ef7d5dafd0"
"goat-meat","Goat Meat","Rice and whole grains","Fridge","images/goat-meat.webp","320","320","19260","4c33db58314cfc6a18f06382582c9e984b84601092c43b77f60238e631dd2a26","originals/goat-meat.png","1254","1254","1699055","dc151bf9efa2d2e6eb51cd405f331df2d20102378f0aecf86f6a73f0ec9134bc"
"clotted-cream","Clotted Cream","Dairy and eggs","Fridge","images/clotted-cream.webp","320","320","12124","556bbbf9b29ba213e7f28aa3f2b1cd3f6ebdf8b73fff06d743894810f371ecc6","originals/clotted-cream.png","1254","1254","1401456","1674920b535392b57c544eeaa91057b8d1f6576fac9ac5319e7a08dc61393857"
"lamb-fat","Lamb Fat","Meat and poultry","Pantry","images/lamb-fat.webp","320","320","10762","8d093a70cc8be9fd41bc3cdb986191531c111344b3e846e62478aff4ef364afb","originals/lamb-fat.png","1254","1254","1229543","49f6b4fb38c07c04c9713b04dff6a873760735031770a0215ea32dd4e2a540ba"
"conchs","Conchs","Prepared foods and pantry ingredients","Pantry","images/conchs.webp","320","320","15214","f575322dbbd2374c97930f087d9a926e0f222d3ee440ae83f6184be9946b57bc","originals/conchs.png","1254","1254","1651631","8a7d571ebde5346e09f94051bf8e41eb77aa7c5967ed4dce067d2e1a5fbf2d86"
"seasoning","Seasoning","Spices and dried seasonings","Pantry","images/seasoning.webp","320","320","20836","826cc3f39a83b3cd7c3c507848fd2ced5cb03f6e33718f27645fce6d2c937b4e","originals/seasoning.png","1254","1254","1468960","6a1bf354f657c1505a5d485023973d62526109a6da5b011088ee7db5c86ea9cb"
"panquehue-cheese","Panquehue Cheese","Dairy and eggs","Fridge","images/panquehue-cheese.webp","320","320","13840","824a7b930d8125a5ea0f57597726ab6e1949e155a62ce818490f182790257352","originals/panquehue-cheese.png","1254","1254","1596942","39a33a014d9efed5ab6b7e34062319c30a91806f624bf19ee687ff0cb78b6a1b"
"ground-black-pepper","Ground Black Pepper","Spices and dried seasonings","Produce","images/ground-black-pepper.webp","320","320","20968","0ac35f63e2e7c3c9f7930a169d8280cec37bac173fcff5b7c29ae33080594d5b","originals/ground-black-pepper.png","1254","1254","1589936","c73bc4c49d98e520383b9ed6629237227b4d310dabef9fd5c2e0db4a47c0bbb2"
"swiss-cheese","Swiss Cheese","Dairy and eggs","Fridge","images/swiss-cheese.webp","320","320","11844","f00a87be370f531588ec327b06e8941330c62d6eb02a6e3b3c3a071b33c31510","originals/swiss-cheese.png","1254","1254","1217836","0e1ac79007ce0fcd61bc4deb1c5506f6e15fbeb872166b134503df82442a97d3"
"fajita-seasoning","fajita seasoning","Spices and dried seasonings","Pantry","images/fajita-seasoning.webp","320","320","20780","0109e644f85a2a1d139c681c33d78f9a70fb418fb075a9fdf348bb0f8eb1589a","originals/fajita-seasoning.png","1254","1254","1599480","abb2bf72215c54baa93e7fb6a1c46bcc1426e1633230b03ac0ad7acd9dac2561"
"vinaigrette-dressing","Vinaigrette Dressing","Sauces and condiments","Pantry","images/vinaigrette-dressing.webp","320","320","10164","876845101be9f78536569d9cc4fab7c320ab0c52c00110cd5b5018014ae29663","originals/vinaigrette-dressing.png","1254","1254","1051373","a924c7f3a87d3a1fc8a87276deaadcf1a1c98d3ea029631efe5ddb9a4aa07b53"
"refried-beans","Refried Beans","Prepared foods and pantry ingredients","Pantry","images/refried-beans.webp","320","320","17536","f8ecd676774710f6261afe34a13769d333ff2fadb7ea4611f4e6a3658ba91ac5","originals/refried-beans.png","1254","1254","1724174","23048a7e0e11e6d51588d1e4ef0dc253a12e61291b50ef31678cca17bfe247bb"
"hard-taco-shells","Hard Taco Shells","Prepared foods and pantry ingredients","Pantry","images/hard-taco-shells.webp","320","320","14906","eb383d3ffcc8488ef87a48f034d1e81689c00e19a2209ec8b18a34e16b7dc0d6","originals/hard-taco-shells.png","1254","1254","1574744","20265500dd162d70f5459ce11dca8013aac80251b11b77b4452772dd4c4beb90"
"shredded-mexican-cheese","Shredded Mexican Cheese","Dairy and eggs","Fridge","images/shredded-mexican-cheese.webp","320","320","15242","be8fef4ce6839d05feae30288e96ddaa8b2c28773ebe25f9c2ec7fbda262a7cb","originals/shredded-mexican-cheese.png","1254","1254","1390222","925867abe439b1c1b8c4ee8c0782ecf20de0da5cf56b64491318e99fa4b651e7"
"green-salsa","Green Salsa","Sauces and condiments","Pantry","images/green-salsa.webp","320","320","17034","f5cb994746ee7c0a2430fe5f334d0c332f7b75b6a8ca7e7a14722470e016c102","originals/green-salsa.png","1254","1254","1653227","fc14007a96a9a7e4e8459acd4d05604e40b0447fe9beb0297f5240a999a72b53"
"truffle-oil","Truffle Oil","Oils vinegars and preserved foods","Pantry","images/truffle-oil.webp","320","320","16722","d01340b8698123c5724dc4a94fc5549bee404585cbf09f4ccd41e1030acd08b7","originals/truffle-oil.png","1254","1254","1346414","a461fade2399fd6db71f90354c30238a84060a13c7782b924c8bb8993080aa39"
"ciabatta","Ciabatta","Prepared foods and pantry ingredients","Pantry","images/ciabatta.webp","320","320","18808","7bae4f8f2b60641293b3310e33f4fb3230bf601ccab9a8faea37047c5f977d0d","originals/ciabatta.png","1254","1254","1940534","f1632f9f3b2bf6b72d402dcaae193d50f170b53e8397ced805b24d8be89b3cf5"
"garlic-sauce","Garlic Sauce","Sauces and condiments","Pantry","images/garlic-sauce.webp","320","320","9950","f672c8eea008e242c4ba4a72540cf2f336c9d6f444a6f53b3510ad0fb8bf7d00","originals/garlic-sauce.png","1254","1254","990601","8ac267e9b0ce9b7d280e34d0d920ea1392f6918b1f085b8b23fdd8bb870ee4e9"
"hake","Hake","Prepared foods and pantry ingredients","Pantry","images/hake.webp","320","320","15624","531155c1a2e449fdc956a7facb81859266956d3c201b011a3f52c603df149255","originals/hake.png","1254","1254","1802058","64709efb397828436d63ffe9eb0e95ee5f191d65bd21a1965a621e2e61175539"
"galangal-paste","Galangal Paste","Sauces and condiments","Pantry","images/galangal-paste.webp","320","320","12672","91a8a1253e6cf449bb570f65d2c8498e14887614fab0fb031f4cab764721180d","originals/galangal-paste.png","1254","1254","1366308","f6dbb3f703eaf778ab3f9b756be6f136da492a12ed7b95206c9a83486a1bca3c"
"sweet-peppadew-peppers","Sweet Peppadew Peppers","Fruiting vegetables","Produce","images/sweet-peppadew-peppers.webp","320","320","14688","d0d40cb2e3f51e5706af459c5582e389b7b059391406b25cebbee11dd9cc2cfc","originals/sweet-peppadew-peppers.png","1254","1254","1300049","d2b3f461c0084627d6d6d0ca85f0d40a8b6c28ed635359c4ac908b875466f3a8"
"coco-sugar","Coco Sugar","Baking sweets and pantry essentials","Pantry","images/coco-sugar.webp","320","320","17404","b88d7d6a5f78fc4eb61664e3775eaf7118d0a127baf85db7c49e6761b8954e8d","originals/coco-sugar.png","1254","1254","1493702","95ab64b43f5d5a2c2082716bf294daa5d9b76b3741f50897b8970d7c9c45ac8b"
"mixed-berries","mixed berries","Berries melons and dried fruit","Pantry","images/mixed-berries.webp","320","320","22010","70ca2fce1ed7c521f7f849bf9ad9060d3d5fd7313ef719356ded377720fcbba5","originals/mixed-berries.png","1254","1254","1721057","5df192558c42576ac0a8d184ea77436b58b31bdc89582cf4750bbb7a44518be9"
"evaporated-milk","Evaporated Milk","Dairy and eggs","Pantry","images/evaporated-milk.webp","320","320","8878","61f2ab8142abe678245bbda02c60364d332d62be22659727f5576e90d5aa2184","originals/evaporated-milk.png","1254","1254","1527057","3ee5450003985024ddc2beb735d6555dd71e341a2d577ac535cd7add2ceb8ec2"
"corned-beef","Corned Beef","Meat and poultry","Fridge","images/corned-beef.webp","320","320","24340","80b3c8ca7156e274fc0ff47d6fd99c2f3f97be8671dc7b236d8864a6c6cf7b65","originals/corned-beef.png","1254","1254","2207128","2f1c4feeb33b3fecba3bbc3ad4c102b2cd1c2db7604b7bfbca619408e068c087"
"achiote-paste","Achiote Paste","Sauces and condiments","Pantry","images/achiote-paste.webp","320","320","20722","ac1af81aa25aea96cac8304219ed8a31fbc7141adb9c144d6456f995e92a1c68","originals/achiote-paste.png","1254","1254","1693606","f0fe7f109eb85cf9377863da3140ff577f5f477c0ca3e822d0fb0b411d6412f6"
"paneer","Paneer","Prepared foods and pantry ingredients","Pantry","images/paneer.webp","320","320","10138","56480f5a80fbcb2c032ae6501303708c1a6bdccccebdf70a3a8ecbce8bc47be2","originals/paneer.png","1254","1254","1045059","6d88b5fae29de9cefabef89fab39230c14fdab86596033a5472ee644d8164e4d"
"lamb-kidney","Lamb Kidney","Meat and poultry","Pantry","images/lamb-kidney.webp","320","320","14032","ee26967be8ea0b6740b8325d2b880caff38fb9881f884afe30912dce187adc60","originals/lamb-kidney.png","1254","1254","1613381","3ac0708a79bba038fea980e5e000d62678a2fce3acee4875d63fba7c8589960a"
"seafood-stock","Seafood stock","Fish and shellfish","Pantry","images/seafood-stock.webp","320","320","6264","b501f8008b2c1f2e0e87e1f650eb870c6eaea1d37254172d0d1631f6e26a96ef","originals/seafood-stock.png","1254","1254","1080654","2e4e07f39d49553ddb930cd9339473613656c9c04f66198fd2d7336e9dfff056"
"mixed-peppers","Mixed peppers","Fruiting vegetables","Produce","images/mixed-peppers.webp","320","320","14756","5bb9a4bb6f491987c473606756d317a01ee28076aa63077263bdc10da297ec4f","originals/mixed-peppers.png","1254","1254","1505132","11b05c16ed3fafb894607b8d4e017d3d96c3a060652fa01485ca44a72a97d5e3"
"hot-smoked-flaked-salmon","Hot Smoked Flaked Salmon","Fish and shellfish","Fridge","images/hot-smoked-flaked-salmon.webp","320","320","18568","88497eabb1c007de3dfb957b709b21594673abbd77069ead76ffc8bc97642587","originals/hot-smoked-flaked-salmon.png","1254","1254","1589141","ae5c166f271b602b7de02dadd0be8d49e02a530fa8f172cd9a4a9988b3116203"
"pretzels","Pretzels","Prepared foods and pantry ingredients","Pantry","images/pretzels.webp","320","320","20918","7fe328276443a3fc807bb0f1fb8c6d0a4c32a027724dfe14eb14cf0264692349","originals/pretzels.png","1254","1254","1533219","2b301142b2321eb369de3dd7d5c796b23f8066bc4bb33dbc540dcf7e783c3979"
"chicken-liver","Chicken Liver","Meat and poultry","Fridge","images/chicken-liver.webp","320","320","12324","ab425cde840ab82ffcff3842af6c5534a764d303f06d4dc10cf83f7b94afcb46","originals/chicken-liver.png","1254","1254","1263339","d6b2cfd8bcdc6e347302f64a13b4bc7ee81ea5380be6adce7e94a2b4fb8002b5"
"ground-annatto","Ground Annatto","Spices and dried seasonings","Pantry","images/ground-annatto.webp","320","320","17834","3dfcbcd97a639d128f0192f0128185a8eab5de63466ad3bf7e2c24cba91734f4","originals/ground-annatto.png","1254","1254","1301970","a30e1f545f778b1dc646fe6204ae75b2c06fb32ae725a800b280722747870b6e"
"shrimp-stock","Shrimp Stock","Fish and shellfish","Fridge","images/shrimp-stock.webp","320","320","5878","7290cf0eec75786935ea76c839e1d98d78b5897fdcad6549bd55c10df04e6c35","originals/shrimp-stock.png","1254","1254","1004519","ea7232fcb7ce90e18fb78d1f969d2f53d3491a4dff8a71d7ef4832723b155392"
"callaloo","Callaloo","Leafy greens and brassicas","Pantry","images/callaloo.webp","320","320","21394","bd4dc359c1f648f2bafa9f49546e6bfbaf1590a86d380caec6291cd756f0d0f3","originals/callaloo.png","1254","1254","1742967","a096c67781d0f5899951ca78904802888cc0496595d1bfcc18293ba2e6e548f5"
"egg-roll-wrappers","Egg Roll Wrappers","Prepared foods and pantry ingredients","Pantry","images/egg-roll-wrappers.webp","320","320","12414","dee5407b10532f4c425edb8a15f467766194ad37502a58a08a4f5ff9aefbdb5d","originals/egg-roll-wrappers.png","1254","1254","1694244","199bddb279fa164f68ffbd59895cebad41b5917b4798dbe428632be6fdd64ef4"
"plum-sauce","Plum Sauce","Sauces and condiments","Pantry","images/plum-sauce.webp","320","320","18356","4f6c73bf3fccd34ae480c512be8903c2a92daf1f458f927600d354c86070c79b","originals/plum-sauce.png","1254","1254","1676400","90e06f5422a5a35a901c352385e4bb165e8f2d85e64988fa333d9101d75ebe75"
"nougatine","Nougatine","Baking sweets and pantry essentials","Pantry","images/nougatine.webp","320","320","19256","6ded87dfee222e2c1b50a0750126cedc3a8c5eedc46e26ce35b205a5b5e250ac","originals/nougatine.png","1254","1254","1526520","2196f65d102e7cb241d148ab97f54a9cb7bcc6ca51d487226044be0cecd6dec8"
"pickled-grape-leaves","Pickled Grape Leaves","Leafy greens and brassicas","Pantry","images/pickled-grape-leaves.webp","320","320","20986","e295da1353af44efe8bcf8772aad40c311fc41ce3e77550ea6685eb12d78d600","originals/pickled-grape-leaves.png","1254","1254","1541472","fad99b9a33e0f01a5979193db84addef94f3b2930dec23e72cbcd4e259c3941c"
"red-pepper-sauce","Red Pepper Sauce","Sauces and condiments","Produce","images/red-pepper-sauce.webp","320","320","6048","eadbd869b72be693802eba696ea35afaf0cf92893e8efee95095968672c8a02d","originals/red-pepper-sauce.png","1254","1254","675279","7c88d7453033fe24bd685a017f489100a656fde32671a425e098346fdbbcd1ad"
"prahok","Prahok","Fish and shellfish","Pantry","images/prahok.webp","320","320","21260","5c648660c8acc4e6700d3d070d24f6bba8dce557c4edcd835587c9c148f8aff0","originals/prahok.png","1254","1254","1609900","3f8f93ab402e5b01953b13cae59054708ad14ee54629185ebd743de670bca137"
"dried-sorrel","Dried Sorrel","Fresh herbs and aromatics","Pantry","images/dried-sorrel.webp","320","320","22268","5e76e7193944ac5654285f93156e1d020ba815b35113e249f88fe033c299d9c2","originals/dried-sorrel.png","1254","1254","1683985","814bd44052d5d1b820963d302a5386628e6230f487e3b9f65d020f9a3f9b81c4"
"toffee-popcorn","Toffee Popcorn","Baking sweets and pantry essentials","Pantry","images/toffee-popcorn.webp","320","320","18298","a45ab0736add6d2e88a70072e82668b29698c88336e2ca40e491c0e6f38d2c33","originals/toffee-popcorn.png","1254","1254","1432838","ba65dfc8c19a3f26916a94c897c8a26aa0c589b5eed8f84d4d083729ddd2ae07"
"peanut-cookies","Peanut Cookies","Baking sweets and pantry essentials","Pantry","images/peanut-cookies.webp","320","320","22010","8928474e5d7740a2d8fd592227b211ddc338d31a7c7dfb45728db9978633b5f2","originals/peanut-cookies.png","1254","1254","1711479","2b90d1d430033e42a1977915e8434b7b5ffc7cf1f8ba696c0aa6a10ae116f06f"
"peanut-brittle","Peanut Brittle","Nuts seeds and nut spreads","Pantry","images/peanut-brittle.webp","320","320","22306","69327fa0f00c3ffdedcbe892493d443f4151e6ce958add73fc6a90063a385483","originals/peanut-brittle.png","1254","1254","1844491","dcabe16cb5fdc01bf70a1fd0eea5f019578e8e7131b5387869f8c1f0921522fb"
"wonton-skin","Wonton Skin","Pasta noodles and bread","Pantry","images/wonton-skin.webp","320","320","11150","402427164340ecf2ce37f09bdbe74410ede4e1d7b190dba6c3a036154fb643ee","originals/wonton-skin.png","1254","1254","1548466","4e3a4a968a8ff617f34255c1719889a6a79e9873ba98326e470b41a7fdeb2969"
"cider","Cider","Oils vinegars and preserved foods","Pantry","images/cider.webp","320","320","11570","0ac07d1b4ad4244ef6eba2c7af0f629f57697d4be0b703a537d5d1e935eaef6d","originals/cider.png","1254","1254","1106345","45b20b6fe4d96fc26e64f582209babeac0f0ff22cc1feb05406977422102c487"
"horseradish","Horseradish","Mushrooms and specialty vegetables","Pantry","images/horseradish.webp","320","320","18646","6f01b3e99f2f5acd23657e8a6f43399db6de22715b829ef3dacdf3821e847081","originals/horseradish.png","1254","1254","1711812","0a551f5b5fad8f67e1a8c0eb8de6e50f5fb16d6cbf251b0022443b01e9ff7ae7"
"white-asparagus","White Asparagus","Mushrooms and specialty vegetables","Pantry","images/white-asparagus.webp","320","320","10118","305ebc91e9d6680f59313e00027c5bccc4d950cfb7f5c6d67a113edf6e065b0d","originals/white-asparagus.png","1254","1254","1134076","bf59969a9d78b4cc48b79f6876fe5003d43d5da5029596b39ed0363ecfc85e8e"
"rye-bread","Rye Bread","Pasta noodles and bread","Pantry","images/rye-bread.webp","320","320","26118","c598994b3f5c50f4da2997f1dd7e634dc1abba106563f8b1c7a37ed36b225d8d","originals/rye-bread.png","1254","1254","2372951","943d9349aeafb051c69f67ba550e84b25150730b29b5d6c771d22d95ee5e349e"
"wild-garlic-leaves","Wild Garlic Leaves","Fresh herbs and aromatics","Pantry","images/wild-garlic-leaves.webp","320","320","13572","9ef688762ee2131d1094bd4049936516df5a184bed3865b58de7f66cda865eaa","originals/wild-garlic-leaves.png","1254","1254","1435881","134f5ff8881a8385a08371b1f6648acbd96c5c2244d4e91d76b6830fdb016b02"
"manchego","manchego","Prepared foods and pantry ingredients","Pantry","images/manchego.webp","320","320","18842","70685d0b7de9dd036ceb5ed8e82fc6a63a2ea960c81af7d4d30f9530d26b5d6e","originals/manchego.png","1254","1254","1933170","4cedf52f3760d3d5d6c868ccf9986ed3a899d47042cd5185e7a3433df93c4017"
"prosciutto","Prosciutto","Meat and poultry","Pantry","images/prosciutto.webp","320","320","12112","dc3e45101f3cb197174896b5c175c0f6d1e7d583eae041bdc7b232a81713b6bc","originals/prosciutto.png","1254","1254","1401370","601efa295a5c7193bc20903226961f0f84705497526e9c56f3a42f99eb027652"
"frozen-seafood-mix","Frozen Seafood mix","Fish and shellfish","Pantry","images/frozen-seafood-mix.webp","320","320","16992","4dc753ebe7edbe2bacb0c22cb8f757efbe2a0f789bd8054567b41bd2a84a09ff","originals/frozen-seafood-mix.png","1254","1254","1875061","7bdc2904866d9cb6bc95b8602bb32388bf0cf6e9fcab252ba4dfbb84c071f5f9"
"soda-water","Soda Water","Oils vinegars and preserved foods","Pantry","images/soda-water.webp","320","320","10394","71828c08feaec4fb59a6d800916892c733540ae3205a73bb181fc68b82d82824","originals/soda-water.png","1254","1254","1286028","61231bdddfc66faeb9184cc6a3de27c8cd01a60484f3506fdade034a27fffb22"
"meringue-nests","Meringue Nests","Baking sweets and pantry essentials","Pantry","images/meringue-nests.webp","320","320","10996","f49298b0a620487c6382b50f26c96a04cf00bb1a199f842e508af171d1dd10ce","originals/meringue-nests.png","1254","1254","1460392","264a0c35a7b0094c6f3026a53e3e7a600aaa601e0ca50e45e5dd5634632bca60"
"turkish-delight","Turkish Delight","Baking sweets and pantry essentials","Pantry","images/turkish-delight.webp","320","320","21410","517d4ed3db04310a788913231883cd03e31e680d5b0e472d3f0d4ef6411dc9dd","originals/turkish-delight.png","1254","1254","1777302","d6eddd07a901de96577d2829d52887da1776e4b369c56fb430087f108cbd4a25"
"sugar-syrup","Sugar Syrup","Sauces and condiments","Pantry","images/sugar-syrup.webp","320","320","14628","685a949dc35a59d84de9e9a76a4da8f6cfaf764abd847ce6c82133c88c83c277","originals/sugar-syrup.png","1254","1254","1247165","3eb41e138c791ef793665b676d120028a2e9dabd25fe7d98fd4d4a9d3a3cdcad"
"ground-mahleb","Ground Mahleb","Spices and dried seasonings","Pantry","images/ground-mahleb.webp","320","320","15410","4d370a23dd48cb5fa8332b054504decde7eea02dbfb322fa26dfac2431c32ede","originals/ground-mahleb.png","1254","1254","1468070","11c892b0d5c912ce14f9568a267f05cb47002c337b04e9065ff6012a9b4cea45"
"banana-leaves","Banana Leaves","Leafy greens and brassicas","Produce","images/banana-leaves.webp","320","320","13550","d0999f7b5d555c760860b60299be75eab80fd08d8e9d4c3836b829ad6c23040b","originals/banana-leaves.png","1254","1254","1473193","1b07fee130b7208833f8fee0e676cb40f4df63e5e237f435f0a1b5154f71d9a7"
"banana-pepper","Banana Pepper","Fruiting vegetables","Produce","images/banana-pepper.webp","320","320","13104","36a7749430f51f5d4bdcdb91ac5160165918b9075dcbc6acaf4a5405fbcfc5f4","originals/banana-pepper.png","1254","1254","1241017","8aa1c28e54294c2e5670b4e9fc90171641552095f1c0aabaef45f2d2ee70436a"
"rye","Rye","Rice and whole grains","Pantry","images/rye.webp","320","320","15590","0d095900d2ffa9afc496f1855fffe3124cb36b040017dcb97cda3079086e4485","originals/rye.png","1254","1254","1354099","a346a3e0f55f17b4dc0c93a6b44aa0c2f5b95589f3bd8a825f68832828d53404"
"seeds","Seeds","Nuts seeds and nut spreads","Pantry","images/seeds.webp","320","320","17120","3a16590e5a10b7bcf3d4138f1c490a5f60e35b0bc3b9eff70eb3dcb513ef086b","originals/seeds.png","1254","1254","1346999","aab7b06280ffca4f572b10fe2176a2493b3b7f759238b19bd3d214b093f13c05"
"rye-flour","Rye Flour","Baking sweets and pantry essentials","Pantry","images/rye-flour.webp","320","320","15622","f61a203e0fff0bd2191a4896d88f66c3571e1e103930a5e1d8ae72e23c0a3200","originals/rye-flour.png","1254","1254","1491733","735aa3e518106a6980de9c90615e391e92d4d601524a8b66821de63fb0ce08a0"
"flax-eggs","flax eggs","Baking sweets and pantry essentials","Pantry","images/flax-eggs.webp","320","320","17384","11886205404ea8eae958677ebd96a220e86fff34016f8ba9e151568c1493ac05","originals/flax-eggs.png","1254","1254","1610724","912c17fc9a3f59190d5dd0c394743ee3235bf252d9165bf08e9379f78390f1ed"
"baked-beans","Baked Beans","Prepared foods and pantry ingredients","Pantry","images/baked-beans.webp","320","320","13916","d0c7a1cf7dc70fe871f4cf25b1fc834ad7915dbd0f2281be2e081992bd30f79b","originals/baked-beans.png","1254","1254","1372248","c730df8bec3d99fef9129177d8d4a00c73b99da726d0203a24f2b3e20e722fb7"
"english-muffins","English Muffins","Pasta noodles and bread","Pantry","images/english-muffins.webp","320","320","18142","a0f3112ead4b8c17aeef6d7a8cf6165ae27f77c9f17c706efb6234d92bd7ba97","originals/english-muffins.png","1254","1254","1759562","9ee9ebb2cbc91866831ab08b22f365a75ac0cc88288611895bffcfe6aa4026b4"
"smoked-salmon","Smoked Salmon","Fish and shellfish","Fridge","images/smoked-salmon.webp","320","320","14700","ad8251015659db59751d1b5ff53c345503c53b1dab11877aedbdf743c8de1dac","originals/smoked-salmon.png","1254","1254","1531858","61142e2bfee9a3552be99e067dfe6326905ffadd2fe676ed1040ff5186a73b3e"
"hummus","Hummus","Prepared foods and pantry ingredients","Pantry","images/hummus.webp","320","320","13714","d0bfc54599d0715f8a1b4f911ed859fe7fe19c013be2556ae86848268566923c","originals/hummus.png","1254","1254","1489212","93978268deea3eea8b09a47a1c0a48869a6f4f799b171c806a97e85de74473ad"
"gouda-cheese","Gouda Cheese","Dairy and eggs","Fridge","images/gouda-cheese.webp","320","320","11098","d578db1ee5a5b10a670becf67c263452c01bb15485a3bf00416ceae778261525","originals/gouda-cheese.png","1254","1254","1466772","2ba29884ae3697a82fe1778c67ae199e8e6892324c0d7338fb8924fdf30c9757"
"emmentaler-cheese","Emmentaler Cheese","Dairy and eggs","Fridge","images/emmentaler-cheese.webp","320","320","10308","9c250e5cabf2822e817cf6fb746b50a6313929a37d1960fce26521b5ff971981","originals/emmentaler-cheese.png","1254","1254","1164320","f5e43da071de4fd9534696635c52cf1f1331bb383eedee3bd0915734d413a1c2"
"casabe","Casabe","Pasta noodles and bread","Pantry","images/casabe.webp","320","320","19012","d2d5ac26058d67555bc175b6d496fe8c46d7a3c5236049f510dd6675fe80b7a9","originals/casabe.png","1254","1254","1896177","e85660838383618dc4088c4365b16e072ca62a638ec403e09d43df41dce9eb57"
"turkey-ham","Turkey Ham","Meat and poultry","Pantry","images/turkey-ham.webp","320","320","11358","c7eb6b9b632d46ceaf37eaaa9dd8f89f57aaad3d78ae6ed75c7246868ea7ed7f","originals/turkey-ham.png","1254","1254","1463287","6a5ff24aecf40f4f27352f8e9d622ea1a62a0babc8e505c1cfc60bb0ebe5f701"
"dark-rum","Dark Rum","Oils vinegars and preserved foods","Pantry","images/dark-rum.webp","320","320","10316","bdb7654d03046b3e0084010872b039a0ef8a3567e0c582fbdb66d6cd79474545","originals/dark-rum.png","1254","1254","957592","f5574f649075b52b2204357e5ed2f1eb4e1825aef01fae359c180680a8f119c8"
"pigs-trotters","Pigs Trotters","Meat and poultry","Pantry","images/pigs-trotters.webp","320","320","13852","a0216f55c1bcbd99a01538366d147de39be2302789d73feae3d2c5b014f0e8b1","originals/pigs-trotters.png","1254","1254","1466063","cee57d183a2f20d9490f4a81e59986d825b8a93617bc5c1d25a9a77197c614ba"
"italian-seasoning","italian seasoning","Spices and dried seasonings","Pantry","images/italian-seasoning.webp","320","320","22346","652fd165912555022d20e16076e0da86e7ca44541d9597fbf37a71bf648e6c86","originals/italian-seasoning.png","1254","1254","1597353","4328a96e18eb4982b640214b70faebb5624433c75b2ad370f5f2adf0687f7e9c"
"red-wine-jelly","Red Wine Jelly","Sauces and condiments","Pantry","images/red-wine-jelly.webp","320","320","14034","57511a4d8f4dcb46a103971a5784079b7d8c41bf3bf8b330cb8d3b5044f9d705","originals/red-wine-jelly.png","1254","1254","1614887","f92bf20c1413fcae14577f05096e4578ab34eec2fdca447954f5406662de54fe"
"ras-el-hanout","Ras el hanout","Spices and dried seasonings","Pantry","images/ras-el-hanout.webp","320","320","23324","62eabebb2a955f954cde0bbbd30c93c1b4facfe59aa58ad3a54036f0ca3191ca","originals/ras-el-hanout.png","1254","1254","1703449","ea538008ecd1bf76a8b846a3869979e0e87549e13ea80b3b5cc21b7f2d3aba3d"
"grand-marnier","Grand Marnier","Oils vinegars and preserved foods","Pantry","images/grand-marnier.webp","320","320","10386","6efeeceaf847a4d1aa1e8a109f5a63b9eea5e6df7b9dac67858d30fbe3679ae4","originals/grand-marnier.png","1254","1254","980429","3b7f07835274ddefd268836a58659436d6f340ba974577f25fdb67c965f8f54d"
"christmas-pudding","Christmas Pudding","Baking sweets and pantry essentials","Pantry","images/christmas-pudding.webp","320","320","23972","df77808ae26660c8bbf40f00d159cb7e2bbfc7e1a3c1186b1b84d813eacf885e","originals/christmas-pudding.png","1254","1254","2103409","76ac1069f90dca261ee838a4bdbfb5c868fb98dd06fb101c6659436c1908b70c"
"mulukhiyah","Mulukhiyah","Fresh herbs and aromatics","Pantry","images/mulukhiyah.webp","320","320","21184","fbe3a10d93f1fa92cfabb8811f01abd7060f92a9b20fe73c8f1f10614ab31653","originals/mulukhiyah.png","1254","1254","1714911","d5da4cb588aef6ec1c99a8a5709dd6070b60706f5bbe87129a802a3a4416ba6a"
"liquid-cheese","Liquid Cheese","Dairy and eggs","Fridge","images/liquid-cheese.webp","320","320","9938","586fe3677a41daf99fba146cb836adab8cab8b55210a86c9818046a20e5bfdb6","originals/liquid-cheese.png","1254","1254","1179003","88e5345e84981a43bdfab65811bb5934842ae348193a5ac9e13280ba502f107f"
"smoky-a-oli","Smoky Aïoli","Sauces and condiments","Pantry","images/smoky-a-oli.webp","320","320","12974","e81bae3263f7656b19ee5f8bb7204b7af78aa3d18cb114f7a74bea523fbcf696","originals/smoky-a-oli.png","1254","1254","1295942","19b7df219253cebe945785cc00f2833fa02a6524269ebb53cb411a294e8103c3"
"buckwheat-flour","Buckwheat Flour","Baking sweets and pantry essentials","Pantry","images/buckwheat-flour.webp","320","320","15314","b475767d51d18b609ab9e9ab137958860082b068e4e73a97aa5b91ccae03825f","originals/buckwheat-flour.png","1254","1254","1567401","bc8cbc15f19888bd727fef17039245de61f82d9051292390c46b4b36d16cc873"
"jerk","Jerk","Spices and dried seasonings","Pantry","images/jerk.webp","320","320","21456","2c800c7b680f9952a716f120f1f951a5ab56e358fcd9f4680c93bc7600dda659","originals/jerk.png","1254","1254","1641350","19f59e97998335e6300ec14bcfd443e57076d84dc6e5b85f72623d93d249227e"
"alinos-sauce","Alinos Sauce","Sauces and condiments","Pantry","images/alinos-sauce.webp","320","320","17102","b085c4c07b89314ef625323c7446da140fe8afacecb3ce2ace9172df2dccb857","originals/alinos-sauce.png","1254","1254","1088183","d1c02b8ec6d405493a31e34b9471fc5906ac3543a16a5e54620c7a2ccd365ae8"
"maria-cookies","Maria Cookies","Baking sweets and pantry essentials","Pantry","images/maria-cookies.webp","320","320","15828","c88c2acd1e94a93fa550f277c894e8af00f3309229b52625f3314cca0c00994e","originals/maria-cookies.png","1254","1254","1580572","130d9a6d87f08501c40ee83cf4ef24fe065cabbfdcf8f80c18116753bec3dac7"
"coffee","coffee","Prepared foods and pantry ingredients","Pantry","images/coffee.webp","320","320","17782","67e1ae2e0883d41cf9ba69a2be08731254c49cca835e21d826f0d04daf242588","originals/coffee.png","1254","1254","1344754","30b177af8bd31de8e1a407fa34c1733a0dab4808d6c144f81618582f4e4f37f3"
"green-papaya","Green Papaya","Tropical fruit","Pantry","images/green-papaya.webp","320","320","15244","bc08b6b433f82d6ebca5a02913b7a0dd7c49785940616adc98f0c9574177ca32","originals/green-papaya.png","1254","1254","1768860","001876032f4a6e0828a3617c9df1fe6a0ebd2c0302460be837b574be4c1fddb5"
"sour-milk","Sour Milk","Dairy and eggs","Pantry","images/sour-milk.webp","320","320","3838","0216ba566a616b67b20c3de623d954069f64b24c17126008ff05a20ebc34d339","originals/sour-milk.png","1254","1254","627796","0396b3cc78295b96c6c8c3bd7abac2034140f00d68bd022b55e07a8b8c3d1640"
"fries","Fries","Prepared foods and pantry ingredients","Pantry","images/fries.webp","320","320","14084","11d5bdbce8efd7baa72323ad33ac24d39d3bffdd59edec5815ea88d0f713ac18","originals/fries.png","1254","1254","1368072","a489dbdb12000cefedf733a684c0f06641edf550790b3d68204999572c2cd8c4"
"doner-meat","Doner Meat","Meat and poultry","Fridge","images/doner-meat.webp","320","320","23386","a4e4b5bf189091b936bea14a487df3032daa8287993b22040c4e47dc612564db","originals/doner-meat.png","1254","1254","2096853","1280adc617174acbee98ddfc352c923333682bc50750eaf9778e6302032f258b"
"miniature-marshmallows","Miniature Marshmallows","Baking sweets and pantry essentials","Pantry","images/miniature-marshmallows.webp","320","320","7374","51f8ad2375ee39f847eccd36bb4aa6655e2994f0c1e7d9721f0cedae53a60f29","originals/miniature-marshmallows.png","1254","1254","1110348","ffe5d0f493cd5c5251a263bfae03207c818a4679da02c588152d5eae60a995f7"
"barramundi","barramundi","Fish and shellfish","Pantry","images/barramundi.webp","320","320","10156","46b3a691e31c4edc29ce00f749cbecca845ab47e73fe90e207ca77dd682fe54c","originals/barramundi.png","1254","1254","1234915","38d0ef83435b74581d6bbcc01415c43162eb45dc8153d5049a9df69299d61736"
"bryndza-cheese","Bryndza cheese","Dairy and eggs","Fridge","images/bryndza-cheese.webp","320","320","12832","f24a0387e65130bfa8c6191baf6eb23d3d9267d9aa912e4f3e153505454e1bbd","originals/bryndza-cheese.png","1254","1254","1351447","18bcc07622028ee6a19a81e34bfdf2a7abb43cf6e06a6e6f77099455aeceb2de"
"corn-arepa-filled-with-mozarella-cheese","Corn Arepa Filled With Mozarella Cheese","Dairy and eggs","Fridge","images/corn-arepa-filled-with-mozarella-cheese.webp","320","320","16418","c8f7e4136b13084738d5225b8b88028b90c54b9d46bc0be3fa2b873968c7731e","originals/corn-arepa-filled-with-mozarella-cheese.png","1254","1254","1389343","60a5703cf3812fd5f4ac45fc41fa85eaae1b93f8487e2ac0953412427c62aaf7"
"pico-de-gallo-sauce","Pico De Gallo Sauce","Sauces and condiments","Pantry","images/pico-de-gallo-sauce.webp","320","320","21400","39be553af5c0e75b505d7acbf84752bbffd55d7a38fed502051ec784210da176","originals/pico-de-gallo-sauce.png","1254","1254","1581497","872ed4e446e2f5deb2db09e65ce73757f281f5aea62c3b08de496b49c724afd9"
"shredded-meat","Shredded Meat","Meat and poultry","Fridge","images/shredded-meat.webp","320","320","21360","9f07968cfe42a7acfc6b2a29e8109f3eb47cabaf55af1540ce1507a049f74178","originals/shredded-meat.png","1254","1254","1758668","22a447a8bfd7765e1ac5102c99a6cf5d781d9c8321bee5baf9dcc05fe77aa27f"
"date-molasses","Date Molasses","Sauces and condiments","Pantry","images/date-molasses.webp","320","320","8874","f84dfb784aae33b8c0317a39e2b8115bbb24ad13eab95b1261abf5a8001e9e3c","originals/date-molasses.png","1254","1254","1172385","d6f4cf9342fc6f61701d001c4c7458371f4062875e6163242d75f90b60ceb09f"
"frogs-legs","Frogs Legs","Meat and poultry","Pantry","images/frogs-legs.webp","320","320","15636","5e6f68ab5df45b71d734232be63d48c7014440eab6d27a86bfec5cb8ff3de647","originals/frogs-legs.png","1254","1254","1212760","1300ecf623989c8eb3301de54f6fc96676817c7e31737425fdeb6d770fa61761"
"mung-bean-paste","Mung Bean Paste","Sauces and condiments","Pantry","images/mung-bean-paste.webp","320","320","13788","e78249e2e8ff2990010a7a6c798b0a6c9e3d16d318dd752123fef7cb1911dfb4","originals/mung-bean-paste.png","1254","1254","1500021","3544c47aa5c8680a441acdb3700c18a0baab7069abe92675ae322008f2420eb5"
"zapallo-squash","Zapallo Squash","Fruiting vegetables","Pantry","images/zapallo-squash.webp","320","320","19520","5e00ef59f59f16ba3e4cdcc468e93308a8b47af4853d6e1a9223fdcbdfc961aa","originals/zapallo-squash.png","1254","1254","1798591","af0d2c4a3e16d82329a2c3182c2d50b909588d611b3983cc17ddfd0ee78a3dfe"
"creamed-corn","Creamed Corn","Dairy and eggs","Fridge","images/creamed-corn.webp","320","320","11490","1c091725f35b73ad929df5ded1384e9053637ac4a44175712c1d52d341fdde5d","originals/creamed-corn.png","1254","1254","1238204","7f40c4d26c45c69827fef791e570858ee2818247976b5aa1e5321017d9cb9dc2"
"soured-cream-and-chive-dip","Soured cream and chive dip","Dairy and eggs","Fridge","images/soured-cream-and-chive-dip.webp","320","320","18194","e1bb221c506e83ea840ebb6778a6111471f88115a4f9bbbb2e767150f74cde95","originals/soured-cream-and-chive-dip.png","1254","1254","1547232","4bc07411461201ebceda9a2a01d7566c6b028a1faffd831b6c94b2ecd7e4f56b"
"palm-hearts","Palm Hearts","Mushrooms and specialty vegetables","Pantry","images/palm-hearts.webp","320","320","7812","bb82db896f2a2420764a379c9e5e603b0de181546d6e0013c9331c22f7956771","originals/palm-hearts.png","1254","1254","1108481","6ab5aeba8c7b3df02cff1eb0099cc06c220bb894f06676e85209b7632f5bd07d"
"enchilada-sauce","Enchilada sauce","Sauces and condiments","Pantry","images/enchilada-sauce.webp","320","320","18808","5d82ddbb95bcf8efc4060bd4ae4fb557706aa5947dd9ef8835a5b2ca20f2e304","originals/enchilada-sauce.png","1254","1254","1653171","45f42dfe96796ce892e8e5c4b9acf944788ad73f5dcbe1dbb0fd3b4f72e8260c"
"ginger-cordial","ginger cordial","Sauces and condiments","Pantry","images/ginger-cordial.webp","320","320","5422","6a3b570591404cb0c203f5d14d088a0fe3c5bac1b41c4284529bd5aa60dbe6bf","originals/ginger-cordial.png","1254","1254","685876","4a163bb18cbbb4c201fb93a909a15a70e6f6363b2c2e29d13d38c1920d98206e"
"mixed-grain","Mixed Grain","Rice and whole grains","Pantry","images/mixed-grain.webp","320","320","20474","b5e2f9ff0da4417fee604384946c620897a70a2ac79884ee16e50df17e1167b9","originals/mixed-grain.png","1254","1254","1543178","c0b45ad68019477c436de936981933461e702c5ec803519af75ac8ca870eeb43"
"rice-krispies","Rice Krispies","Baking sweets and pantry essentials","Pantry","images/rice-krispies.webp","320","320","14390","efe0709a48ee76be81dea0efe12a1eec0eecaffc2214a8db9ff72f63d817c4e2","originals/rice-krispies.png","1254","1254","1455016","047365d62a8a96318c3109e15c2e42b2a2857f0949153ccd0a8d9b40bb8d7cee"
"grape-nut-cereal","Grape Nut Cereal","Baking sweets and pantry essentials","Pantry","images/grape-nut-cereal.webp","320","320","18090","a0141c2f560514a717c8d0b276af224d51d847b0a8907dee673cb08c02c2f7d0","originals/grape-nut-cereal.png","1254","1254","1393666","2d78ed49f2ea99782a18a71187e9b4c8ecc2ae9ab17074948a5eb67068b24d76"
"morning-glory","Morning Glory","Leafy greens and brassicas","Pantry","images/morning-glory.webp","320","320","21174","b24726fdc0b518dd298c537359a9c747b66315c1334e9afa2fb4d674a4f3da22","originals/morning-glory.png","1254","1254","1812174","609859e91b6be3a867cbd3c74a745ada94a128b062df302d8c42e502a4892c38"
"codfish-bulljaw","Codfish Bulljaw","Fish and shellfish","Fridge","images/codfish-bulljaw.webp","320","320","16948","813e0cd19978b886edd2358b7d7fab8773bd5b16601a4708f691b5fbd9f667bc","originals/codfish-bulljaw.png","1254","1254","1599501","78e85b130e6ba3aab77399fc3c673d43ee664d8b883748a027f2954b10dba2fc"
"cheese-curds","Cheese Curds","Dairy and eggs","Fridge","images/cheese-curds.webp","320","320","9248","665428bbe3f956cc14fe92c9c9fd1459d19fa87abb192609adbdc3ee490cc065","originals/cheese-curds.png","1254","1254","1112303","9a5599f7ea69fa58cd9be6b92bdbff0f5949b011ce21ea95b84e05463b1fe182"
"chickpea-flour","Chickpea Flour","Baking sweets and pantry essentials","Pantry","images/chickpea-flour.webp","320","320","15408","e47ed390cc69d4acb8bc3129659fda593a40caa1f41be4c789fa702c85268a7c","originals/chickpea-flour.png","1254","1254","1569571","ac98d673cc7cfb9410d961c87a9772881c19ea351c61513a1a665841402b1f50"
"cassava-flour","Cassava Flour","Baking sweets and pantry essentials","Pantry","images/cassava-flour.webp","320","320","13206","c87f1c125ebb5085bf6cfd3e34012211b35e14a4b0998581ddcb35978c80285a","originals/cassava-flour.png","1254","1254","1420700","8b4bcc35a8681432266a7f2f181a04717ac13f5097f0479c505b61d867597ca9"
"ice-cubes","Ice Cubes","Prepared foods and pantry ingredients","Pantry","images/ice-cubes.webp","320","320","21566","5c57f5f23aea36e2723c435ec4ec5e17e12c67db7510fa6efc6d34a27eb0f4d8","originals/ice-cubes.png","1254","1254","1847274","14eaba4020720e857e0b010a258d6859255d336be3aa72902136a3657d13c548"
"padron-peppers","Padron peppers","Fruiting vegetables","Produce","images/padron-peppers.webp","320","320","19052","67f783c0cb74a77e0bf93afb11ccc0a5e35145139f97f663a3a40082ddc76bde","originals/padron-peppers.png","1254","1254","1315537","05bfeeb4040d7b5d98fab275090f0c8d7499a2ea5372e3377625f06d524b35cf"
"chicken-bouillon","Chicken bouillon","Meat and poultry","Pantry","images/chicken-bouillon.webp","320","320","18092","91fc181974e4bb7b3abbc6ecbd4a8fc535c47432dd8d9a52d501924898fb82bf","originals/chicken-bouillon.png","1254","1254","1718975","8175b649a0e3317824ef30debf8b53cdb487e902d07b4ab9dbd0a571653b5eca"
"achiote-seeds","Achiote seeds","Spices and dried seasonings","Pantry","images/achiote-seeds.webp","320","320","15252","5b296408683cb095304ca9325a4e050e47f9013369ed7d57868089b662fba06e","originals/achiote-seeds.png","1254","1254","1313014","4f9775ade72d927187cc8970721d6c66776e20fda8cf8a5a551b34f2b65e90c7"
